user,star,fork,watch,issue,pull_requests,projects,commits,branches,packages,releases,contributers,License
keras-team,47.9k,18.1k,2.1k,"2,940",87,1,"5,342",6,0,0,49,View license
scikit-learn,40.3k,19.6k,2.2k,"1,505",764,17,"25,405",21,0,0,108,View license
jakevdp,23.1k,9.9k,1.5k,65,67,0,5,0,0,0,,View license
CamDavidsonPilon,21k,6.6k,1.4k,127,38,0,79,3,0,0,0,MIT
abhat222,18.4k,8.2k,1.5k,7,0,0,363,3,0,0,0,Fetching contributors
donnemartin,18.3k,5.7k,1.6k,8,4,0,543,2,0,0,0,View license
explosion,16.2k,2.9k,557,183,15,,"11,317",56,0,0,94,MIT
eriklindernoren,15.9k,3.1k,821,20,9,0,374,1,0,0,0,MIT
datasciencemasters,14.7k,5.3k,1.6k,22,54,1,296,3,0,0,0,Unlicense
ipython,14.1k,4k,817,"1,292",22,,"24,384",18,0,0,104,View license
virgili0,12.5k,2.5k,873,1,0,0,"1,181",2,0,0,0,GPL-3.0
academic,12.1k,3.4k,1.3k,0,0,0,441,1,0,0,0,MIT
plotly,11.7k,1.2k,389,295,16,0,"3,135",55,0,0,50,MIT
ray-project,11.2k,1.7k,376,809,116,0,"4,472",15,0,0,34,Apache-2.0
RaRe-Technologies,10.7k,3.7k,453,278,37,3,"3,913",8,0,0,61,LGPL-2.1
rasbt,10.6k,4.1k,826,5,2,0,532,7,0,0,3,MIT
afshinea,10.3k,2.5k,615,11,0,0,1,0,0,0,,MIT
hangtwenty,9.9k,1.8k,590,6,0,0,4,0,0,0,,CC-BY-4.0
bharathgs,9.7k,2.1k,572,0,0,0,714,1,0,0,0,Fetching contributors
tflearn,9.4k,2.4k,480,550,20,0,605,8,0,0,7,View license
onurakpolat,8.7k,2.1k,872,6,2,0,2,0,0,0,,MIT
allenai,8.4k,1.8k,280,107,15,0,"2,006",12,0,0,28,Apache-2.0
php-ai,7.8k,1.1k,547,99,3,1,445,2,0,0,14,MIT
streamlit,7.8k,692,182,408,13,,"3,272",5,0,0,121,Apache-2.0
ricklamers,7.5k,1.3k,298,41,4,0,162,4,0,0,0,AGPL-3.0
lexfridman,7.4k,1.7k,588,1,1,0,64,2,0,0,0,MIT
ossu,7.4k,1.5k,640,15,6,0,73,1,0,0,12,contributors
OpenRefine,7.3k,1.3k,523,449,36,6,"4,755",25,0,0,39,BSD-3-Clause
microsoft,7.2k,1.1k,226,89,5,0,643,12,0,0,5,MIT
EpistasisLab,7k,1.2k,308,151,6,0,"2,159",4,0,0,18,LGPL-3.0
FavioVazquez,6.9k,1.7k,361,2,1,0,51,1,0,0,0,MIT
Yorko,6.8k,4.5k,585,0,0,,"4,980",1,0,0,0,View license
microsoft,5.9k,779,189,148,14,4,"1,387",52,0,0,29,MIT
rasbt,5.7k,2.4k,368,26,2,0,198,10,0,0,0,MIT
jwilber,5.2k,168,46,13,0,0,120,3,0,0,0,Fetching contributors
mahmoud,5.1k,272,151,27,13,0,"1,447",1,0,0,42,View license
PyTorchLightning,5.1k,560,99,179,27,2,186,17,0,0,78,Apache-2.0
firmai,5.1k,736,325,0,0,0,146,1,0,0,6,contributors
rushter,5.1k,1.5k,459,1,2,,351,1,0,0,0,Fetching contributors
catboost,5k,770,189,191,9,,"10,412",12,0,0,64,Apache-2.0
iterative,4.9k,441,99,390,9,0,"5,345",10,0,0,227,Apache-2.0
nteract,4.9k,490,172,121,4,4,75,0,0,"2,752",,BSD-3-Clause
pandas-profiling,4.9k,663,122,28,4,0,486,5,0,0,24,MIT
joelgrus,4.8k,2.9k,557,41,15,0,86,3,0,0,0,MIT
FeatureLabs,4.8k,622,145,117,13,0,531,120,0,0,52,BSD-3-Clause
h2oai,4.7k,1.7k,395,118,0,,"26,875","1,565",0,0,"2,387",Apache-2.0
haifengl,4.7k,972,259,3,1,0,"2,060",9,0,0,21,View license
lazyprogrammer,4.7k,4.4k,557,22,22,0,263,1,0,0,0,"2
    
    contributors"
blue-yonder,4.7k,721,149,20,2,1,362,26,0,0,25,MIT
rhiever,4.7k,1.8k,326,3,0,0,110,1,0,0,0,Fetching contributors
Leo-G,4.6k,726,382,3,0,7,143,2,0,0,0,MIT
d2l-ai,4.6k,1.2k,183,15,17,,"2,498",13,0,0,3,View license
blei-lab,4.5k,779,296,183,35,,"1,796",21,0,0,28,View license
pachyderm,4.4k,413,158,530,38,6,"16,582","1,298",0,0,766,View license
scikit-learn-contrib,4.3k,946,153,30,13,0,669,8,0,0,25,View license
airbnb,4.2k,584,205,134,16,0,413,8,0,0,28,Apache-2.0
afshinea,4.2k,876,195,5,0,0,1,0,0,0,,MIT
okfn-brasil,4k,700,413,42,13,,"2,356",25,0,0,1,MIT
qinwf,4k,1.3k,391,0,0,0,412,2,0,0,0,Fetching contributors
yhat,3.9k,439,204,227,4,0,"1,190",11,0,0,44,View license
ujjwalkarn,3.9k,1.3k,330,0,3,0,112,1,0,0,0,MIT
snorkel-team,3.8k,653,164,33,3,,"2,636",2,0,0,15,Apache-2.0
jackzhenguo,3.6k,826,163,2,3,0,3,0,0,4,,Fetching contributors
nteract,3.5k,285,93,99,6,0,"2,113",7,0,0,136,MIT
DataScienceSpecialization,3.4k,28.5k,895,23,69,0,261,4,0,0,13,contributors
drivendata,3.2k,1.1k,89,31,4,0,6,0,0,0,,MIT
fengdu78,3.2k,1.3k,132,5,1,0,1,0,0,0,,Fetching contributors
Netflix,3.2k,230,165,56,11,,54,7,0,0,4,Apache-2.0
yzhao062,3.1k,625,119,45,5,0,"1,138",4,0,0,9,BSD-2-Clause
WillKoehrsen,3k,2.5k,305,22,1,0,365,3,0,0,0,MIT
dsgiitr,2.9k,819,159,4,4,0,182,1,0,0,0,Apache-2.0
spark-notebook,2.9k,628,195,205,1,0,"2,324",20,0,0,24,Apache-2.0
rasbt,2.9k,620,123,83,12,0,"1,070",34,0,0,22,View license
tensorflow,2.8k,740,175,279,33,0,"2,839",18,0,0,22,Apache-2.0
justmarkham,2.8k,2k,339,0,1,0,2,0,0,0,,Fetching contributors
microsoft,2.8k,284,101,39,0,0,105,1,0,0,7,MIT
jeroenjanssens,2.7k,623,202,13,15,0,241,2,0,0,0,View license
aksnzhy,2.7k,471,106,151,9,0,340,1,0,0,15,Apache-2.0
rasbt,2.6k,735,221,2,0,0,298,31,0,0,0,View license
shogun-toolbox,2.6k,1k,222,419,50,14,"17,510",59,0,0,52,BSD-3-Clause
spotify,2.5k,205,76,38,5,0,135,4,0,0,12,Apache-2.0
chiphuyen,2.5k,381,110,1,1,0,19,1,0,0,0,Fetching contributors
microsoft,2.4k,317,107,47,4,0,855,14,0,0,2,MIT
llSourcell,2.4k,988,319,2,5,0,4,1,0,0,0,Fetching contributors
polyaxon,2.4k,224,77,80,0,0,"8,822",1,0,0,67,Apache-2.0
goq,2.4k,549,206,10,7,0,"1,631",2,0,0,0,Fetching contributors
nborwankar,2.4k,1.3k,354,0,4,0,64,2,0,0,0,View license
hadley,2.3k,2.9k,225,94,24,0,"1,240",6,0,0,0,View license
gopherdata,2.3k,178,69,27,1,0,366,4,0,0,15,MIT
r0f1,2.2k,397,117,0,5,0,348,1,0,0,0,View license
biolab,2.2k,614,166,31,18,0,"12,253",6,0,0,51,View license
awslabs,2.2k,262,67,63,4,4,236,27,0,0,1,Apache-2.0
FluxML,2.1k,350,93,239,85,,"2,529",97,0,0,42,View license
jtablesaw,2.1k,415,134,67,4,0,"2,295",3,0,0,92,Apache-2.0
PrefectHQ,2.1k,176,67,114,18,2,"8,898",60,0,0,41,View license
yunabe,2k,86,47,21,3,0,169,3,0,0,0,BSD-3-Clause
databricks,2k,225,102,57,10,0,"1,005",1,0,0,36,Apache-2.0
antonycourtney,2k,82,47,75,3,0,261,5,0,0,9,MIT
TeamHG-Memex,2k,263,76,109,14,0,"1,198",9,0,0,27,MIT
kojino,1.9k,786,99,0,0,0,47,1,0,0,0,Fetching contributors
tensorflow,144k,80.9k,8.4k,"3,300",202,1,"84,328",50,0,0,107,Apache-2.0
keras-team,47.9k,18.1k,2.1k,"2,940",87,1,"5,342",6,0,0,49,View license
josephmisiti,44.3k,11.2k,3.4k,1,1,,"1,390",2,0,0,0,View license
scikit-learn,40.3k,19.6k,2.2k,"1,505",764,17,"25,405",21,0,0,108,View license
pytorch,38k,9.7k,1.4k,"4,243","1,453",5,"26,014","3,539",0,0,38,View license
aymericdamien,37.1k,14k,2.1k,147,51,0,227,6,0,0,0,View license
tesseract-ocr,34k,6.4k,1.6k,281,10,1,"4,495",7,0,0,41,Apache-2.0
ageitgey,33.7k,9.4k,1.5k,467,8,0,194,5,0,0,2,MIT
BVLC,30.2k,18.2k,2.2k,836,288,0,"4,156",7,0,0,14,View license
deepfakes,30.1k,9.6k,1.4k,12,7,4,"1,103",4,0,0,2,GPL-3.0
Avik-Jain,28.4k,7.2k,2.3k,24,0,,107,3,0,0,0,MIT
JuliaLang,26.4k,3.8k,950,"2,888",851,8,"46,534",843,0,0,90,View license
madewithml,24k,4.3k,1.1k,0,0,0,83,1,0,0,4,MIT
ZuzooVn,23.7k,5.6k,1.6k,11,1,0,2,0,0,0,,CC-BY-SA-4.0
terryum,21k,4.1k,2k,12,19,0,168,1,0,0,0,Fetching contributors
fighting41love,19.6k,5.9k,895,1,0,0,0,0,0,,,Fetching contributors
ageron,19.5k,10.5k,1.1k,92,9,0,460,1,0,0,0,Apache-2.0
dmlc,18.9k,7.5k,989,210,24,1,"4,176",8,0,0,19,Apache-2.0
donnemartin,18.3k,5.7k,1.6k,8,4,0,543,2,0,0,0,View license
fastai,17.7k,6.3k,658,0,0,0,"5,431",66,0,0,65,Apache-2.0
microsoft,16.8k,4.4k,1.4k,736,87,,116,"1,069",0,0,39,View license
CMU-Perceptual-Computing-Lab,16.7k,5k,871,22,1,0,609,3,0,0,13,View license
explosion,16.2k,2.9k,557,183,15,,"11,317",56,0,0,94,MIT
fengdu78,16k,6.3k,859,34,8,0,2,0,0,0,,Fetching contributors
eriklindernoren,15.9k,3.1k,821,20,9,0,374,1,0,0,0,MIT
sebastianruder,15.4k,2.6k,1.2k,20,3,0,651,1,0,0,3,MIT
MLEveryday,15.3k,4.3k,1.1k,8,0,0,1,0,0,0,,MIT
ChristosChristofidis,15k,4.7k,1.2k,0,7,0,419,2,0,0,0,Fetching contributors
Developer-Y,14.6k,2k,765,3,0,0,223,1,0,0,0,Fetching contributors
oxford-cs-deepnlp-2017,14.5k,3.5k,1.3k,10,0,0,64,1,0,0,0,Fetching contributors
zziz,14.5k,2.3k,1.2k,15,7,0,78,1,0,0,0,Fetching contributors
mxgmn,14.2k,728,469,3,0,0,112,1,0,0,0,View license
trekhleb,13.9k,2.7k,746,11,7,,239,1,0,0,0,MIT
mozilla,13.7k,2.6k,617,62,5,4,"2,697",43,0,0,69,MPL-2.0
kailashahirwar,13.3k,3.2k,1.1k,6,0,0,32,1,0,0,0,MIT
ty4z2008,13.2k,4.7k,1.9k,0,0,0,"1,272",2,0,0,1,View license
tensorflow,13.1k,1.1k,348,433,71,9,"3,765",60,0,0,314,Apache-2.0
emilwallner,12.6k,1.3k,533,3,1,1,174,2,0,0,0,View license
virgili0,12.5k,2.5k,873,1,0,0,"1,181",2,0,0,0,GPL-3.0
apache,12.3k,2k,798,11,0,,"4,495",7,0,0,43,Apache-2.0
academic,12.1k,3.4k,1.3k,0,0,0,441,1,0,0,0,MIT
amark,11.6k,734,315,139,19,0,"2,100",8,0,0,34,View license
ray-project,11.2k,1.7k,376,809,116,0,"4,472",15,0,0,34,Apache-2.0
PaddlePaddle,11.2k,2.9k,677,"1,395",739,43,23,0,0,39,,Apache-2.0
zergtant,11.2k,3.5k,462,26,1,0,201,3,0,0,0,Fetching contributors
datawhalechina,11k,2.5k,391,16,0,0,280,1,0,0,0,GPL-3.0
microsoft,10.8k,2.9k,437,41,17,1,"1,854",4,0,0,21,MIT
RaRe-Technologies,10.7k,3.7k,453,278,37,3,"3,913",8,0,0,61,LGPL-2.1
rasbt,10.6k,4.1k,826,5,2,0,532,7,0,0,3,MIT
keon,10.3k,1.9k,594,1,3,0,429,3,0,0,0,View license
ujjwalkarn,10.2k,3.1k,804,1,9,0,2,0,0,0,,CC0-1.0
alex000kim,10k,2.6k,406,3,1,0,44,1,0,0,0,MIT
hangtwenty,9.9k,1.8k,590,6,0,0,4,0,0,0,,CC-BY-4.0
tensorflow,9.9k,2.5k,457,504,2,,"4,321",3,0,0,74,Apache-2.0
gunthercox,9.8k,3.4k,541,217,12,,"1,832",5,0,0,80,BSD-3-Clause
bharathgs,9.7k,2.1k,572,0,0,0,714,1,0,0,0,Fetching contributors
google-research,9.7k,1.7k,469,95,32,,911,4,0,0,0,Apache-2.0
apple,9.6k,990,369,491,15,1,"1,479",2,0,0,25,BSD-3-Clause
chiphuyen,9.5k,4.3k,642,66,20,0,106,1,0,0,1,MIT
tflearn,9.4k,2.4k,480,550,20,0,605,8,0,0,7,View license
esimov,9.3k,338,175,1,0,0,228,1,0,0,10,MIT
horovod,9k,1.4k,324,546,31,,576,31,0,0,51,View license
lutzroeder,9k,1.1k,207,12,0,0,"2,889",2,0,0,2,MIT
nltk,8.8k,2.3k,498,204,12,0,"13,881",20,0,0,31,View license
kubeflow,8.8k,1.4k,386,216,16,0,"1,872",18,0,0,77,Apache-2.0
botpress,8.6k,1k,230,106,28,,"11,653",72,1,1,256,Fetching contributors
ramitsurana,8.6k,1.4k,464,2,0,1,4,0,0,5,,View license
aleju,8.6k,1.7k,215,170,12,0,"2,883",12,0,0,13,MIT
vahidk,8.6k,964,369,0,0,0,117,3,0,0,0,Fetching contributors
slundberg,8.6k,1.2k,220,553,20,1,"1,226",3,0,0,41,MIT
ddbourgin,8.6k,2.4k,401,9,5,0,303,1,0,0,0,GPL-3.0
facebookarchive,8.5k,2.1k,546,580,0,0,"3,680",23,0,0,4,Apache-2.0
flairNLP,8.5k,1.1k,201,454,9,,"2,056",15,0,0,11,View license
deepmind,8.3k,1.2k,465,8,1,0,810,3,0,0,36,Apache-2.0
hindupuravinash,8.3k,1.8k,525,12,10,0,175,4,0,0,0,MIT
RasaHQ,8.2k,2.6k,318,282,34,0,"17,453",142,0,0,240,Apache-2.0
onnx,8.2k,1.4k,425,406,72,0,"1,518",15,0,0,14,MIT
Unity-Technologies,8.2k,2.3k,493,79,18,0,"2,148",82,0,0,50,Apache-2.0
Hvass-Labs,8.2k,4k,543,1,0,,100,1,0,0,0,MIT
rushter,8k,1.4k,433,8,0,,133,1,0,0,0,MIT
donnemartin,8k,949,432,5,42,0,580,2,0,0,1,View license
janishar,8k,1.9k,359,5,0,0,23,1,0,0,3,Fetching contributors
MorvanZhou,7.9k,4.8k,620,12,1,0,538,1,0,0,0,MIT
php-ai,7.8k,1.1k,547,99,3,1,445,2,0,0,14,MIT
streamlit,7.8k,692,182,408,13,,"3,272",5,0,0,121,Apache-2.0
zalandoresearch,7.6k,1.7k,291,20,2,,1,0,0,0,,MIT
kmario23,7.6k,1.8k,489,1,0,0,117,1,0,0,1,Fetching contributors
GetStream,7.4k,505,222,44,9,0,"3,245",11,0,0,530,BSD-3-Clause
lexfridman,7.4k,1.7k,588,1,1,0,64,2,0,0,0,MIT
clips,7.4k,1.5k,563,114,42,0,"1,433",6,0,0,1,BSD-3-Clause
hanxiao,7.4k,1.5k,197,194,1,,"1,625",5,0,0,65,MIT
marcotcr,7.4k,1.2k,276,16,8,0,463,5,0,0,18,BSD-2-Clause
ageron,7.3k,2.9k,336,26,0,0,614,1,0,0,0,Apache-2.0
llSourcell,7.2k,2.4k,750,8,8,0,10,1,0,0,0,Fetching contributors
microsoft,7.2k,1.1k,226,89,5,0,643,12,0,0,5,MIT
sjwhitworth,7.2k,1k,430,55,5,0,507,10,0,0,0,MIT
VowpalWabbit,7k,1.7k,400,130,17,8,"8,760",22,0,0,35,View license
EpistasisLab,7k,1.2k,308,151,6,0,"2,159",4,0,0,18,LGPL-3.0
HuTianQi,1.8k,509,93,0,0,0,1,0,0,2,,Apache-2.0
makelove,1.8k,733,89,3,1,0,257,2,0,0,0,MIT
oreillymedia,1.4k,607,110,12,5,0,228,11,0,0,0,Fetching contributors
kongqw,1.3k,447,81,17,0,0,3,0,0,6,,Fetching contributors
ex2tron,1.2k,466,67,2,0,0,25,1,0,0,0,Fetching contributors
QianMo,1.2k,758,122,5,2,0,24,1,0,0,0,Fetching contributors
abidrahmank,1k,820,92,54,143,0,167,1,0,0,1,Fetching contributors
jayrambhia,951,947,66,22,3,0,91,2,0,0,0,Fetching contributors
foundry,792,103,56,6,0,0,71,6,0,0,2,View license
Mjrovai,505,538,44,9,3,0,9,1,0,0,0,Fetching contributors
takmin,492,247,60,2,0,0,9,3,0,0,1,Fetching contributors
EdjeElectronics,453,152,41,9,0,0,13,1,0,0,0,Fetching contributors
billmccord,452,162,42,15,1,0,2,0,0,0,,Fetching contributors
macmade,433,114,48,0,0,,16,1,0,0,0,Fetching contributors
MicrocontrollersAndMore,405,270,56,21,0,0,1,0,0,0,,Fetching contributors
HackerShackOfficial,391,222,51,25,5,0,14,1,0,0,0,"2
    
    contributors"
BloodAxe,389,159,60,4,0,0,106,1,0,0,1,Fetching contributors
abidrahmank,378,205,56,0,1,0,50,1,0,0,0,Fetching contributors
jrobchin,351,102,19,1,0,0,29,1,0,0,0,Fetching contributors
xikuqi,317,45,106,0,0,0,28,1,0,0,0,BSD-2-Clause
Laex,309,179,118,7,1,1,593,1,0,0,0,Fetching contributors
EnoxSoftware,302,125,42,30,0,0,2,0,0,38,,Fetching contributors
mgdm,286,105,31,17,4,0,30,2,0,0,0,Fetching contributors
lzane,276,154,14,5,1,0,3,0,0,0,,MIT
PacktPublishing,274,87,21,2,0,,35,1,0,0,0,MIT
vRallev,268,89,22,2,0,0,9,1,0,0,0,View license
huihut,263,65,20,2,0,0,24,15,0,0,14,Fetching contributors
joaopedronardari,262,136,24,12,3,0,30,3,0,0,0,MIT
aptogo,255,66,18,4,1,0,1,0,0,0,,Fetching contributors
EvilPort2,243,91,23,3,1,0,12,1,0,0,0,Fetching contributors
brakmic,236,49,18,0,0,0,8,1,0,0,0,MIT
jetsonhacks,231,137,22,13,3,0,35,2,0,0,3,MIT
pablosproject,230,66,14,1,0,0,13,1,0,0,0,Fetching contributors
RobinDavid,219,111,9,0,1,0,7,1,0,0,0,Fetching contributors
fendouai,199,54,5,0,0,0,18,1,0,0,0,Apache-2.0
PacktPublishing,197,85,14,1,0,,32,1,0,0,0,MIT
jabelone,185,55,13,4,0,0,21,1,0,0,0,View license
PacktPublishing,179,93,19,2,0,,10,1,0,0,0,MIT
VahidN,178,85,21,4,0,0,35,1,0,0,0,Apache-2.0
whitneyland,177,46,21,0,3,0,4,1,0,0,0,MIT
saki4510t,154,68,11,18,0,0,12,2,0,0,0,Fetching contributors
iArunava,149,98,5,11,0,0,24,1,0,0,0,MIT
abidrahmank,148,89,18,0,0,0,31,1,0,0,0,Fetching contributors
MicrocontrollersAndMore,143,99,41,0,2,0,1,0,0,0,,Fetching contributors
Mjrovai,142,129,5,3,1,0,9,1,0,0,0,Fetching contributors
jerryhouuu,142,33,8,0,0,0,14,1,0,0,0,MIT
sakiyamaK,139,19,22,3,0,0,92,1,0,0,0,View license
jimple,137,57,13,1,0,0,22,1,0,0,0,MIT
hasanavi,136,67,25,3,0,0,23,1,0,0,0,Fetching contributors
PacktPublishing,133,99,6,0,0,,9,1,0,0,0,MIT
upcAutoLang,132,104,8,6,0,0,6,1,0,0,0,Fetching contributors
MicrocontrollersAndMore,128,117,18,18,0,0,1,0,0,0,,Fetching contributors
Martin20150405,125,48,8,2,0,0,12,1,0,0,2,Fetching contributors
PacktPublishing,125,77,14,1,0,,55,1,0,0,0,MIT
OpenCVBlueprints,122,92,19,6,2,0,88,2,0,0,0,View license
BloodAxe,122,22,10,1,0,0,1,0,0,0,,Fetching contributors
Fl0p,118,41,12,5,4,0,29,1,0,0,5,View license
PacktPublishing,115,82,17,0,0,,103,1,0,0,0,MIT
andrewdcampbell,113,38,6,4,3,0,3,1,0,0,0,Fetching contributors
dbzhang800,111,56,12,3,0,0,82,1,0,0,0,Fetching contributors
EnoxSoftware,111,31,17,7,0,0,34,1,0,0,6,Fetching contributors
jujojujo2003,109,80,10,5,0,0,3,1,0,0,0,Fetching contributors
SOFTPOWER1991,109,34,8,3,0,0,1,0,0,0,,Fetching contributors
primetang,108,44,14,4,1,0,70,2,0,0,0,GPL-3.0
PacktPublishing,108,80,13,1,0,,7,1,0,0,0,MIT
jonmarimba,106,40,8,0,0,0,26,1,0,0,0,Fetching contributors
ashwin-pajankar,105,103,19,3,1,0,7,1,0,0,0,Fetching contributors
MicrocontrollersAndMore,105,86,21,9,1,0,1,0,0,0,,View license
informramiz,103,85,11,1,0,0,14,1,0,0,0,Apache-2.0
BloodAxe,102,61,27,1,0,0,34,1,0,0,0,View license
cinder,101,80,16,9,2,0,60,2,0,0,0,Fetching contributors
wepe,96,125,11,2,0,0,11,1,0,0,0,Fetching contributors
maxruby,96,27,15,8,8,0,50,3,0,0,0,View license
fengbingchun,95,58,12,0,0,0,1,0,0,0,,Fetching contributors
AlexeyAB,90,51,14,3,0,0,5,2,0,0,0,BSD-3-Clause
mleotta,90,43,22,0,0,0,102,3,0,0,1,Fetching contributors
jiangdongguo,86,36,1,6,0,0,1,0,0,0,,Fetching contributors
ura14h,84,18,4,0,0,0,42,1,0,0,0,MIT
chd0043,83,40,14,1,0,0,3,1,0,0,0,MIT
foundry,83,21,13,1,0,0,14,1,0,0,0,Fetching contributors
luohenyueji,81,52,4,1,0,0,36,1,0,0,0,Fetching contributors
lukagabric,81,32,14,2,1,0,5,1,0,0,0,Fetching contributors
wouterverweirder,81,22,17,3,0,0,3,1,0,0,0,Fetching contributors
ctodobom,81,31,4,1,0,0,4,1,0,0,0,Fetching contributors
ekurutepe,79,102,4,4,1,0,10,1,0,0,0,Fetching contributors
acl21,79,30,5,2,0,0,15,1,0,0,0,MIT
1zlab,79,24,9,5,0,0,34,1,0,0,0,GPL-3.0
simondlevy,77,48,4,0,0,0,66,1,0,0,0,LGPL-3.0
jeremy-ellis-tech,77,38,19,7,0,0,17,3,0,0,0,MIT
MicrocontrollersAndMore,74,73,15,4,0,0,1,0,0,0,,Fetching contributors
alex-drake,70,48,6,0,0,0,42,1,0,0,0,Fetching contributors
laganiere,69,58,2,0,0,0,60,1,0,0,0,Fetching contributors
quanhua92,69,31,9,2,0,0,5,1,0,0,0,Fetching contributors
tzutalin,69,25,6,3,0,0,15,1,0,0,0,View license
alexkarargyris,69,29,7,0,0,0,16,2,0,0,0,Fetching contributors
sidroopdaska,69,30,9,4,1,0,38,1,0,0,0,Fetching contributors
SparshaSaha,69,35,2,0,0,0,38,1,0,0,0,MIT
PacktPublishing,68,70,10,1,1,,4,1,0,0,0,MIT
opencv,43.9k,34.9k,2.6k,"1,692",54,,"28,489",3,0,0,93,View license
CMU-Perceptual-Computing-Lab,16.7k,5k,871,22,1,0,609,3,0,0,13,View license
Developer-Y,14.6k,2k,765,3,0,0,223,1,0,0,0,Fetching contributors
virgili0,12.5k,2.5k,873,1,0,0,"1,181",2,0,0,0,GPL-3.0
jbhuang0604,12.2k,3.1k,1.1k,10,29,0,186,1,0,0,0,Fetching contributors
junyanz,11.6k,3.4k,311,189,9,0,445,3,0,0,0,View license
davidsandberg,10.4k,4.2k,581,439,42,,566,5,0,0,0,MIT
spmallick,10.2k,6.7k,842,139,23,0,857,2,0,0,0,Fetching contributors
microsoft,9.8k,2.6k,567,524,22,2,"2,072",2,0,0,23,View license
bharathgs,9.7k,2.1k,572,0,0,0,714,1,0,0,56,contributors
junyanz,9.6k,1.6k,401,35,0,0,95,1,0,0,0,View license
esimov,9.3k,338,175,1,0,0,228,1,0,0,10,MIT
kjw0612,9k,2.6k,1.1k,11,23,0,206,2,0,0,36,contributors
davisking,8.9k,2.7k,504,56,2,0,"7,794",1,0,0,51,contributors
ShusenTang,8.5k,2.6k,293,36,3,0,0,0,0,,,Apache-2.0
eduardolundgren,8.4k,1.3k,305,195,24,0,360,4,0,0,6,View license
openframeworks,7.7k,2.4k,547,832,93,0,"16,470",6,0,0,29,View license
phillipi,7.6k,1.3k,307,65,2,0,129,1,0,0,0,View license
zalandoresearch,7.6k,1.7k,291,20,2,,1,0,0,0,,MIT
kmario23,7.6k,1.8k,489,1,0,0,117,1,0,0,1,Fetching contributors
liuliu,6.6k,1.7k,368,69,16,0,"2,187",11,0,0,0,View license
uber,6.6k,784,181,72,6,1,"1,029",10,0,0,10,Apache-2.0
google,6.4k,1.2k,281,94,14,0,59,2,0,0,19,Apache-2.0
pytorch,6.1k,3.1k,259,228,107,0,968,45,0,0,14,BSD-3-Clause
Hironsan,5.9k,1.1k,280,24,0,0,1,0,0,0,,MIT
liuruoze,5.6k,2.4k,543,61,8,0,582,2,0,0,14,Apache-2.0
microsoft,5.4k,946,384,12,24,0,1,0,0,1,,MIT
amusi,5.3k,1.6k,411,2,1,0,85,1,0,0,0,Fetching contributors
PointCloudLibrary,4.9k,3.3k,425,580,118,4,"12,442",1,0,0,35,View license
OlafenwaMoses,4.7k,1.4k,256,146,12,0,277,2,0,0,13,MIT
d2l-ai,4.6k,1.2k,183,15,17,,"2,498",13,0,0,3,View license
wkentaro,4.5k,1.4k,113,31,6,,"1,105",4,0,0,155,View license
astorfi,4.5k,423,172,1,1,0,671,1,0,0,1,MIT
NVIDIA,4.5k,913,159,116,8,,40,1,0,0,0,View license
PaddlePaddle,4.5k,2.1k,242,510,222,3,"4,278",26,0,0,8,Apache-2.0
carla-simulator,4.3k,1.2k,199,201,9,,"3,875",52,0,0,38,MIT
ZheC,4.3k,1.3k,255,105,0,0,162,1,0,0,0,View license
alicevision,4.2k,419,255,150,9,1,"1,396",39,0,0,3,View license
bytedeco,4.2k,1.1k,250,142,2,0,464,6,0,0,27,View license
AaronJackson,4k,679,213,9,0,,1,0,0,0,,MIT
MVIG-SJTU,3.8k,1k,175,63,3,0,53,3,0,0,0,View license
IntelRealSense,3.8k,2.6k,293,341,36,,"8,955",8,0,0,84,View license
accord-net,3.8k,1.8k,379,636,7,1,"2,555",9,0,0,15,View license
dmlc,3.7k,871,146,277,17,3,708,10,0,0,7,Apache-2.0
scikit-image,3.7k,1.6k,193,420,177,8,"12,083",8,0,0,65,View license
junyanz,3.6k,559,176,14,0,0,44,2,0,0,0,MIT
amdegroot,3.5k,1.3k,82,265,15,0,333,3,0,0,0,MIT
amusi,3.5k,949,377,0,0,0,1,0,0,0,,Fetching contributors
opencv,3.5k,872,147,200,12,15,328,18,0,0,14,MIT
STVIR,3.2k,848,181,72,0,0,56,1,0,0,0,Apache-2.0
arXivTimes,3.2k,199,753,"1,642",0,6,467,2,0,0,0,MIT
hybridgroup,3.1k,470,128,106,10,0,"1,186",5,0,0,30,View license
dusty-nv,3k,1.3k,246,297,28,,17,0,0,1,,View license
idealo,3k,227,58,12,1,1,433,4,0,0,4,Apache-2.0
handong1587,3k,1k,363,2,1,0,"2,546",1,0,0,0,MIT
dsgiitr,2.9k,819,159,4,4,0,182,1,0,0,0,Apache-2.0
heartexlabs,2.8k,199,64,34,6,1,234,22,0,0,22,Apache-2.0
openMVG,2.8k,1.1k,271,103,33,0,"2,060",13,0,0,16,View license
NELSONZHAO,2.8k,1.8k,149,31,0,0,63,1,0,0,0,Fetching contributors
esimov,2.7k,161,89,4,0,0,374,2,0,0,8,MIT
intel-isl,2.7k,685,123,272,6,,"2,540",22,0,0,10,View license
Tencent,2.7k,464,133,38,1,0,156,1,0,0,0,View license
foolwood,2.6k,658,96,108,3,0,1,0,0,0,,MIT
inspirit,2.5k,361,140,39,4,0,50,2,0,0,1,MIT
cleardusk,2.5k,474,106,11,1,,154,1,0,0,0,MIT
MasteringOpenCV,2.4k,1.6k,330,40,3,0,29,5,0,0,0,View license
Tencent,2.4k,468,149,71,1,0,214,1,0,0,0,View license
microsoft,2.4k,317,107,47,4,0,855,14,0,0,2,MIT
sightmachine,2.4k,747,200,75,49,0,"2,625",10,0,0,5,BSD-3-Clause
abhshkdz,2.4k,468,90,2,2,0,641,1,0,0,0,Fetching contributors
shimat,2.3k,628,219,163,0,0,"2,256",2,0,0,62,BSD-3-Clause
tryolabs,2.3k,399,129,49,7,0,838,13,0,0,10,BSD-3-Clause
kornia,2.3k,250,81,76,17,4,"1,284",8,0,0,8,View license
richzhang,2.2k,538,109,32,0,0,92,2,0,0,0,BSD-2-Clause
openMVG,2.2k,591,262,1,5,0,60,1,0,0,0,Fetching contributors
xdspacelab,2.2k,513,130,89,9,,452,3,0,0,0,View license
awslabs,2.2k,262,67,63,4,4,236,27,0,0,1,Apache-2.0
aleju,2.2k,428,276,4,0,0,238,1,0,0,0,Fetching contributors
junyanz,2.1k,366,120,20,1,0,60,2,0,0,0,MIT
amzn,2.1k,197,57,0,0,0,15,1,0,0,0,View license
amusi,2.1k,387,86,1,0,0,20,1,0,0,0,Fetching contributors
GeorgeSeif,2.1k,775,115,71,2,0,170,1,0,0,0,Fetching contributors
kenshohara,2.1k,561,46,88,3,0,431,3,0,0,2,MIT
tianzhi0549,2.1k,399,56,115,0,0,287,1,0,0,0,View license
aamini,2.1k,998,139,1,2,0,299,4,0,0,2,MIT
jason718,2k,320,140,0,1,0,116,1,0,0,0,Fetching contributors
ajbrock,1.9k,185,76,8,0,0,25,1,0,0,0,MIT
colmap,1.9k,577,146,142,11,,"1,322",2,0,0,15,View license
ieee8023,1.8k,511,144,20,2,0,393,1,0,0,8,contributors
Honlan,1.8k,356,92,0,0,0,9,1,0,0,0,Fetching contributors
donnyyou,1.8k,311,74,29,0,0,420,2,0,0,0,Apache-2.0
ZhaoJ9014,1.8k,442,100,25,0,0,695,2,0,0,0,MIT
catalyst-team,1.7k,187,38,20,6,0,"1,164",8,0,0,72,Apache-2.0
idealo,1.7k,325,62,25,1,3,4,0,0,1,,Apache-2.0
GauravBh1010tt,1.7k,364,118,10,2,0,219,4,0,0,2,MIT
bgshih,1.7k,478,88,82,3,0,21,1,0,0,0,MIT
KupynOrest,1.6k,394,56,106,0,0,71,1,0,0,0,View license
hzwer,1.6k,223,38,0,0,0,86,1,0,0,0,MIT
junyanz,11.6k,3.4k,311,189,9,0,445,3,0,0,0,View license
junyanz,9.6k,1.6k,401,35,0,0,95,1,0,0,0,View license
hindupuravinash,8.3k,1.8k,525,12,10,0,175,4,0,0,0,MIT
soumith,8.2k,1.4k,347,44,4,0,6,1,0,0,0,contributors
phillipi,7.6k,1.3k,307,65,2,0,129,1,0,0,0,View license
zalandoresearch,7.6k,1.7k,291,20,2,,1,0,0,0,,MIT
chenyuntc,7.2k,2.6k,253,105,5,0,74,5,0,0,1,MIT
eriklindernoren,6.8k,2.5k,270,92,12,0,184,1,0,0,0,MIT
carpedm20,6.5k,2.6k,244,173,5,0,299,2,0,0,0,MIT
eriklindernoren,6.1k,1.7k,169,44,10,0,191,1,0,0,0,MIT
tensorlayer,6k,1.4k,465,30,5,1,"3,216",17,0,0,78,Apache-2.0
wiseodd,6k,1.9k,315,13,5,0,111,1,0,0,0,Unlicense
zhangqianhui,5.5k,1.9k,467,1,2,0,294,1,0,0,0,Fetching contributors
NVIDIA,4.5k,913,159,116,8,,40,1,0,0,0,View license
dmlc,3.7k,871,146,277,17,3,708,10,0,0,7,Apache-2.0
MorvanZhou,3.7k,1.8k,258,7,0,0,1,0,0,0,,MIT
junyanz,3.6k,559,176,14,0,0,44,2,0,0,0,MIT
hwalsuklee,3.6k,844,158,18,4,0,76,1,0,0,0,Apache-2.0
nashory,2.8k,513,173,8,1,0,29,1,0,0,4,contributors
NELSONZHAO,2.8k,1.8k,149,31,0,0,63,1,0,0,0,Fetching contributors
Mikoto10032,2.7k,1k,158,1,0,0,520,1,0,0,0,Apache-2.0
shaoanlu,2.7k,705,185,82,2,0,277,1,0,0,0,Fetching contributors
martinarjovsky,2.6k,651,109,22,3,0,53,1,0,0,0,BSD-3-Clause
tamarott,2.3k,394,62,67,2,0,1,0,0,0,,View license
tensorlayer,2.2k,615,88,101,1,0,2,0,0,11,,Fetching contributors
aleju,2.2k,428,276,4,0,0,238,1,0,0,0,Fetching contributors
trufflesuite,2k,379,87,288,4,0,"1,859",14,0,0,51,Fetching contributors
golbin,2k,1k,242,22,1,0,2,0,0,0,,Fetching contributors
znxlwm,2k,443,58,19,3,0,87,1,0,0,0,Fetching contributors
NVlabs,2k,366,75,47,3,0,84,1,0,0,1,View license
openai,1.9k,564,174,33,4,0,42,2,0,0,0,Fetching contributors
jeffheaton,1.9k,1.1k,193,6,0,0,1,0,0,6,,Apache-2.0
igul222,1.9k,587,74,38,4,0,24,1,0,0,0,MIT
ajbrock,1.9k,276,49,16,2,0,90,1,0,0,0,MIT
robicch,1.8k,743,183,11,0,0,162,1,0,0,1,Fetching contributors
thunil,1.8k,377,107,22,1,0,21,1,0,0,0,Apache-2.0
SummitKwan,1.8k,332,68,10,0,0,52,8,0,0,0,MIT
LantaoYu,1.8k,673,72,32,1,0,45,1,0,0,0,Fetching contributors
KupynOrest,1.6k,394,56,106,0,0,71,1,0,0,0,View license
YadiraF,1.6k,607,67,4,0,0,26,1,0,0,0,Fetching contributors
kaonashi-tyc,1.6k,360,67,43,0,0,2,0,0,0,,Apache-2.0
frappe,1.6k,376,73,60,16,0,85,9,0,0,0,MIT
hanzhanggit,1.6k,404,64,47,5,0,15,1,0,0,0,MIT
robbiebarrat,1.6k,279,94,12,2,,41,1,0,0,0,View license
mingyuliutw,1.6k,294,59,12,2,0,7,3,0,0,0,View license
heykeetae,1.5k,308,32,29,1,0,63,1,0,0,0,Fetching contributors
google,1.5k,305,50,7,1,0,21,5,0,0,2,Apache-2.0
CSAILVision,1.5k,238,75,7,0,0,34,3,0,0,0,MIT
githubwing,1.5k,337,45,12,0,0,46,1,0,0,0,Fetching contributors
TachibanaYoshino,1.5k,219,54,2,2,0,95,1,0,0,3,Fetching contributors
albertpumarola,1.4k,325,70,32,4,0,1,0,0,0,,GPL-3.0
tjwei,1.3k,350,96,11,0,0,87,2,0,0,0,MIT
youyuge34,1.3k,147,35,2,1,0,60,2,0,0,1,View license
AlexiaJM,1.3k,184,53,1,0,0,105,1,0,0,0,GPL-3.0
svip-lab,1.2k,238,53,22,1,0,2,0,0,0,,View license
devnag,1.2k,407,48,2,0,0,8,1,0,0,0,Apache-2.0
xinario,1.2k,303,114,1,0,0,85,1,0,0,0,Fetching contributors
dongjunkun,1.2k,326,50,7,0,0,1,0,0,0,,Fetching contributors
NifTK,1.2k,370,91,95,3,3,"3,284",58,0,0,11,Apache-2.0
aiff22,1.2k,300,59,3,0,0,7,1,0,0,0,Fetching contributors
burness,1.1k,574,87,9,0,0,80,1,0,0,0,Fetching contributors
junyanz,1.1k,199,43,6,0,0,86,4,0,0,0,View license
HyperGAN,1k,168,41,45,3,0,"2,922",10,0,0,14,MIT
torchgan,1k,120,28,19,2,0,2,0,0,4,,MIT
facebookresearch,1k,136,36,18,2,0,26,16,0,0,0,BSD-3-Clause
andrewgordonwilson,1k,170,53,5,0,0,7,1,0,0,0,View license
vanhuyz,996,408,45,59,0,0,150,18,0,0,2,MIT
adeshpande3,980,319,59,2,0,0,59,1,0,0,0,Fetching contributors
caogang,979,244,18,23,1,0,63,2,0,0,0,MIT
jayleicn,928,169,40,6,1,0,12,1,0,0,0,MIT
carpedm20,924,210,36,10,0,0,49,1,0,0,0,Apache-2.0
jacobgil,915,387,40,22,1,0,20,1,0,0,0,Fetching contributors
taoxugit,911,268,35,53,2,0,63,1,0,0,0,MIT
openai,893,267,124,16,6,0,15,1,0,0,0,Fetching contributors
carpedm20,887,248,43,35,1,0,40,2,0,0,0,Apache-2.0
poloclub,881,230,48,5,4,0,69,5,0,0,1,Apache-2.0
YunYang1994,879,373,48,63,3,0,373,2,0,0,0,MIT
gantry,844,196,100,319,25,0,"6,945",12,0,0,79,Fetching contributors
pfnet-research,825,169,30,25,2,0,44,2,0,0,0,View license
GKalliatakis,816,222,73,0,0,0,46,1,0,0,0,MIT
lzhbrian,810,120,48,1,0,0,67,1,0,0,0,MIT
nfs-ganesha,773,317,93,243,12,0,"12,567",13,0,0,581,"110
    
    contributors"
CaMnter,758,199,36,0,0,0,95,1,0,0,4,GPL-3.0
timsainb,752,123,33,5,2,0,15,4,0,0,0,Fetching contributors
thegrubbsian,749,339,60,20,7,0,53,3,0,0,5,Fetching contributors
lypeer,749,145,37,6,0,0,7,1,0,0,0,Fetching contributors
burgessjp,736,164,27,10,0,0,2,0,0,8,,Fetching contributors
LMescheder,731,87,21,9,0,0,16,1,0,0,0,MIT
brain-research,718,124,32,13,1,0,8,1,0,0,0,Apache-2.0
maoruibin,711,166,30,2,0,0,2,0,0,0,,GPL-3.0
willfarrell,379,22,18,5,0,0,24,1,0,0,7,MIT
hwalsuklee,377,154,15,6,0,0,9,1,0,0,0,Fetching contributors
SimonKohl,373,63,17,7,3,0,20,3,0,0,0,Apache-2.0
y0ast,360,142,24,0,0,0,16,1,0,0,0,MIT
omerbsezer,266,33,14,0,0,0,41,1,0,0,0,Fetching contributors
NetManAIOps,238,81,21,8,0,0,20,3,0,0,0,Fetching contributors
y0ast,232,61,17,0,0,0,45,1,0,0,0,MIT
stitchfix,216,57,94,8,4,0,63,3,0,0,0,MIT
nicola-decao,212,25,8,0,0,0,23,1,0,0,0,MIT
y0ast,185,75,7,0,0,0,7,1,0,0,0,MIT
nicola-decao,177,34,17,1,0,0,21,1,0,0,0,MIT
yzwxx,150,37,10,5,0,0,32,1,0,0,0,Fetching contributors
google,135,24,7,0,0,0,78,1,0,0,0,Apache-2.0
hwalsuklee,133,37,9,2,0,0,13,1,0,0,0,Fetching contributors
hardmaru,120,34,4,1,0,0,4,1,0,0,0,Fetching contributors
JeremyCCHsu,106,34,6,7,1,0,41,2,0,0,0,View license
TimyadNyda,102,20,6,4,0,0,26,1,0,0,0,MIT
simonkamronn,94,25,6,1,0,0,30,2,0,0,0,MIT
tgsmith61591,92,24,5,2,0,0,148,6,0,0,0,BSD-3-Clause
xqding,89,10,3,0,0,0,20,2,0,0,0,Fetching contributors
victor-shepardson,75,23,2,1,0,0,16,1,0,0,0,MIT
wuga214,67,21,5,0,0,0,11,1,0,0,0,MIT
yiyang92,52,8,2,5,0,0,58,1,0,0,0,Fetching contributors
jmtomczak,52,14,4,1,0,0,9,1,0,0,0,Fetching contributors
ananyahjha93,52,15,2,1,0,0,3,1,0,0,0,MIT
jayhack,47,13,3,0,0,0,2,1,0,0,0,Fetching contributors
EmilienDupont,46,18,3,1,0,0,10,1,0,0,0,Fetching contributors
emilemathieu,42,10,3,0,1,0,3,1,0,0,0,MIT
alecGraves,41,13,6,5,0,0,33,1,0,0,0,Unlicense
limaosen0,39,12,0,2,0,0,38,1,0,0,0,Fetching contributors
bobchennan,37,18,3,0,0,0,23,1,0,0,0,MIT
adler-j,36,3,4,0,0,0,4,1,0,0,0,MIT
yjlolo,30,4,2,1,0,0,26,1,0,0,0,MIT
peiyunh,28,17,6,3,0,0,17,1,0,0,0,Fetching contributors
atinghosh,27,8,1,0,0,0,22,1,0,0,0,Fetching contributors
dsanno,27,1,1,0,0,0,6,1,0,0,0,MIT
chin-gyou,25,9,0,2,0,0,16,1,0,0,0,Fetching contributors
acids-ircam,24,5,2,1,0,0,58,1,0,0,0,Fetching contributors
kuc2477,23,3,3,0,0,0,4,1,0,0,0,MIT
nitarshan,21,7,1,0,0,0,1,1,0,0,0,Fetching contributors
dragen1860,21,4,1,0,0,0,19,1,0,0,0,Fetching contributors
nikhil-dce,21,4,1,2,0,0,40,2,0,0,0,Fetching contributors
DaehanKim,18,4,1,0,0,0,4,1,0,0,0,MIT
sbavon,13,8,0,2,0,0,10,1,0,0,0,Apache-2.0
datang1992,13,4,3,0,0,0,6,1,0,0,0,MIT
geosada,13,3,0,0,0,0,16,2,0,0,0,Apache-2.0
MIC-DKFZ,13,4,8,0,0,0,9,1,0,0,0,Apache-2.0
RobRomijnders,12,4,1,0,0,0,7,2,0,0,0,Fetching contributors
cshenton,12,5,2,0,0,0,17,2,0,0,0,Fetching contributors
jxnl,12,4,2,0,0,0,6,1,0,0,0,Fetching contributors
zhangfangdeng,11,6,0,1,0,0,3,1,0,0,0,Fetching contributors
suinleelab,11,4,4,0,0,0,7,1,0,0,0,Fetching contributors
tegg89,10,2,3,1,0,0,8,1,0,0,0,MIT
ARM-gradient,10,9,1,0,0,,35,1,0,0,0,Fetching contributors
hardmaru,10,2,1,0,0,0,8,1,0,0,0,Fetching contributors
jcdevaney,10,1,6,0,0,0,14,2,0,0,0,Fetching contributors
koshian2,9,3,1,0,0,0,11,1,0,0,0,MIT
lim0606,9,2,1,0,0,0,18,1,0,0,2,Fetching contributors
sebasutp,9,2,1,0,0,0,2,1,0,0,0,Fetching contributors
AntoinePlumerault,9,2,1,1,0,0,1,0,0,0,,AGPL-3.0
cssjcai,8,0,7,2,0,0,3,1,0,0,0,Fetching contributors
gangooteli,7,3,0,0,0,0,14,1,0,0,0,Fetching contributors
cryer,7,1,1,0,0,0,14,1,0,0,0,Fetching contributors
Natsu6767,7,1,0,0,0,0,2,0,0,0,,Fetching contributors
ReubenDo,7,1,0,0,1,0,4,2,0,0,0,MIT
arunesh-mittal,6,4,2,1,0,0,11,1,0,0,0,MIT
dillonalaird,6,3,2,0,0,0,8,1,0,0,0,Fetching contributors
lipiji,6,3,1,0,0,0,1,0,0,0,,Fetching contributors
Chenyang-Lu,6,4,2,0,0,0,9,1,0,0,0,MIT
romain-lopez,6,2,2,1,0,0,7,1,0,0,0,Fetching contributors
DongjunLee,6,2,1,0,0,0,8,1,0,0,0,Fetching contributors
onm2000,6,1,2,0,0,0,3,7,0,0,0,Fetching contributors
asahi417,6,2,0,0,0,0,71,1,0,0,0,MIT
pauli-space,6,0,0,0,0,0,3,1,0,0,0,Fetching contributors
choo8,6,0,1,0,0,0,11,1,0,0,0,Fetching contributors
LordAlucard90,6,0,0,0,0,0,6,1,0,0,0,GPL-3.0
quinkennedy,6,1,1,0,0,0,7,1,0,0,0,Fetching contributors
darienhuss,6,0,2,0,0,0,9,1,0,0,0,Fetching contributors
despoisj,5,2,2,0,0,0,12,1,0,0,0,Fetching contributors
RobinKa,5,0,0,0,0,0,37,1,0,0,0,MIT
takerum,4,3,1,0,0,0,16,1,0,0,0,Fetching contributors
Prabhat-IIT,4,2,1,0,0,0,3,1,0,0,0,Fetching contributors
MiuLab,4,1,3,0,0,0,3,1,0,0,0,Fetching contributors
stathischaritos,4,0,2,0,0,0,1,1,0,0,0,Fetching contributors
lovecambi,4,1,1,0,0,0,19,1,0,0,0,Fetching contributors
MarioBonse,4,0,0,0,0,0,39,2,0,0,0,Fetching contributors
anthonycaterini,4,2,1,0,0,0,6,1,0,0,0,MIT
WHUIR,4,0,1,0,0,0,2,1,0,0,0,Fetching contributors
Swati-Rathi,4,1,2,0,0,0,1,0,0,0,,Fetching contributors
grandcentrix,188,64,25,8,0,0,77,1,0,0,0,Fetching contributors
harshalbenake,185,151,27,0,0,0,1,0,0,0,,Fetching contributors
mohammadatif,184,41,10,0,0,,13,1,0,0,0,MIT
IBM,173,109,29,3,0,,1,0,0,0,,Apache-2.0
abeade,170,1,7,0,0,0,58,1,0,0,10,Apache-2.0
HaxeFoundation,169,93,44,263,11,0,"2,550",12,0,0,46,Apache-2.0
longforus,169,22,4,1,0,0,2,0,0,9,,Apache-2.0
KAlO2,168,76,17,25,1,0,113,1,0,0,1,Apache-2.0
yigit,167,4,6,7,1,0,54,6,0,0,0,Apache-2.0
SureCase,165,58,16,2,0,0,2,0,0,0,,Fetching contributors
pavelpoley,163,32,8,0,0,0,18,1,0,0,0,Fetching contributors
adolfAn,163,57,6,2,1,0,1,0,0,0,,Fetching contributors
jeppeman,157,3,4,0,0,0,17,4,0,0,0,Apache-2.0
citiususc,154,99,18,32,2,0,"1,393",6,0,0,28,GPL-3.0
IBM-Cloud,154,149,21,1,1,0,2,0,0,0,,View license
maoruibin,152,47,13,0,0,0,20,1,0,0,0,Fetching contributors
xinghongfei,149,60,9,1,0,0,1,0,0,0,,Fetching contributors
wangzailfm,149,20,3,10,0,0,53,1,0,0,0,Fetching contributors
manifestinteractive,147,26,5,0,0,0,7,1,0,0,0,LGPL-3.0
nenick,146,28,11,11,0,0,62,4,0,0,0,Fetching contributors
NovelanceF,146,86,18,1,0,0,41,1,0,0,0,Fetching contributors
mutexkid,145,50,5,0,0,0,42,1,0,0,0,Fetching contributors
shalupov,145,31,13,40,1,0,6,0,0,35,,Apache-2.0
Pradyuman7,145,25,7,5,0,0,46,2,0,0,2,Apache-2.0
gayanvoice,143,100,13,1,0,0,4,0,0,2,,MIT
ciscorucinski,143,7,8,2,0,0,165,6,0,0,9,MIT
anitaa1990,143,64,11,3,0,0,15,3,0,0,0,Fetching contributors
beansoftapp,141,13,4,5,0,0,101,3,0,0,8,BSD-3-Clause
galex,141,3,2,3,0,0,32,1,0,0,4,Fetching contributors
comsmobiler,139,88,19,0,0,0,1,0,0,0,,MIT
artem-zinnatullin,138,28,12,1,0,0,23,1,0,0,0,Apache-2.0
jp1017,138,37,8,0,0,0,15,1,0,0,0,Fetching contributors
vikesh8860,136,104,14,6,0,0,13,1,0,0,1,View license
LiangLuDev,135,34,8,1,0,0,21,1,0,0,0,Fetching contributors
pedromassango,135,23,4,1,0,0,67,2,0,0,0,MIT
rignaneseleo,134,52,19,28,4,0,178,1,0,0,39,GPL-2.0
pedromassango,133,13,5,2,0,0,1,0,0,9,,Apache-2.0
KingsMentor,126,14,7,1,0,0,41,3,0,0,2,MIT
Mighty16,126,10,2,1,0,0,1,0,0,1,,MIT
bytehala,125,50,14,3,0,0,31,2,0,0,0,Fetching contributors
Martin20150405,125,48,8,2,0,0,12,1,0,0,2,Fetching contributors
dodola,121,23,10,2,0,0,4,1,0,0,0,MIT
itkacher,120,7,5,5,0,0,84,2,0,0,5,Apache-2.0
kageiit,119,6,10,0,0,0,19,1,0,0,8,Apache-2.0
lizhangqu,118,73,5,1,0,0,1,0,0,0,,Fetching contributors
sgolivernet,117,404,34,0,0,0,33,1,0,0,0,Fetching contributors
4lex4,116,7,11,1,0,0,1,0,0,23,,Unlicense
monkeylord,115,40,10,1,0,0,30,1,0,0,0,Fetching contributors
sureshjoshi,112,32,15,4,1,0,3,0,0,0,,MIT
MEIZUPUSH,112,20,13,9,0,0,1,0,0,5,,Fetching contributors
vsay01,111,30,8,0,0,0,10,2,0,0,0,Apache-2.0
peterosterlund2,110,64,12,10,0,0,958,2,0,0,45,GPL-3.0
PhoenixDevTeam,110,37,19,10,1,0,344,2,0,0,2,GPL-3.0
line,109,19,11,3,0,0,24,1,0,0,1,Apache-2.0
gavinpugh,108,33,25,41,1,0,43,2,0,0,0,View license
alexzaitsev,108,8,6,1,0,0,11,1,0,0,2,Apache-2.0
yuvraj24,108,6,5,0,0,0,57,1,0,0,0,Apache-2.0
china-kook,105,25,13,0,0,0,99,1,0,0,0,Fetching contributors
Ludomancer,103,12,4,3,0,0,11,1,0,0,0,Fetching contributors
marius-h,103,7,4,9,0,0,1,0,0,9,,GPL-3.0
jjhesk,102,33,10,0,0,0,99,2,0,0,6,Apache-2.0
forkachild,102,7,2,0,0,0,21,1,0,0,5,MIT
kevinho,101,37,5,0,0,0,11,1,0,0,0,Fetching contributors
benmarten,99,19,4,2,0,0,20,2,0,0,1,MIT
lihei12345,99,27,15,0,0,0,15,1,0,0,0,Fetching contributors
blackarbiter,98,37,8,1,0,0,1,0,0,0,,LGPL-3.0
IBM,98,60,20,4,2,0,48,3,0,0,0,Apache-2.0
roana0229,97,9,5,4,0,0,75,3,0,0,5,Apache-2.0
B3nac,97,13,5,0,0,0,30,1,0,0,1,Fetching contributors
pranaypatel512,96,10,8,0,0,0,26,1,0,0,0,Apache-2.0
adaptech-cz,94,29,10,1,0,0,128,1,0,0,4,Apache-2.0
testfairy,93,38,12,9,0,,164,10,0,0,1,Apache-2.0
LightSun,93,7,7,0,0,0,160,1,0,0,4,Apache-2.0
quanke,92,34,8,2,0,0,922,1,0,0,0,Fetching contributors
huangdali,92,23,4,0,0,0,8,1,0,0,0,Fetching contributors
retrostreams,91,4,6,0,0,0,257,1,0,0,11,Fetching contributors
wuyunqiang,89,22,2,9,0,0,62,1,0,0,0,Fetching contributors
robertlevonyan,89,23,4,3,0,0,26,1,0,0,0,Apache-2.0
pristineio,87,51,26,4,0,0,5,1,0,0,0,View license
Jerey-Jobs,87,19,1,7,0,0,5,1,0,0,0,Fetching contributors
viavansi,86,25,15,19,0,0,61,2,0,0,3,AGPL-3.0
SubirZ,86,41,4,1,0,0,8,1,0,0,0,Fetching contributors
Inconnu08,85,15,3,5,0,0,50,1,0,0,3,Apache-2.0
tqcenglish,84,87,18,13,1,0,17,2,0,0,0,Fetching contributors
erikjhordan-rey,84,19,5,0,0,0,32,2,0,0,0,Fetching contributors
neverwoodsS,83,12,3,1,0,0,90,4,0,0,0,MIT
LouisCAD,82,14,10,4,0,0,12,1,0,0,2,MIT
duqian291902259,82,31,7,6,0,0,8,1,0,0,0,Fetching contributors
NowBI,82,18,16,2,1,0,102,2,0,0,0,MIT
ctodobom,81,31,4,1,0,0,4,1,0,0,0,Fetching contributors
samtstern,79,28,11,5,2,0,76,2,0,0,0,View license
cesards,79,7,3,10,0,0,32,4,0,0,0,Apache-2.0
EgorBo,78,19,9,12,1,0,20,1,0,0,0,GPL-2.0
alibaba,20.7k,3.1k,616,148,5,1,18,0,0,5,,View license
CarGuo,10.7k,1.8k,295,7,0,0,3,0,0,33,,Apache-2.0
flutter,10.5k,4.8k,443,212,0,,"1,922",8,0,0,264,BSD-3-Clause
iampawan,9.6k,1.9k,598,0,2,0,43,2,0,0,0,Fetching contributors
flutterchina,7.3k,1.5k,202,51,24,0,577,1,0,0,9,Fetching contributors
flutter,6.9k,2.1k,373,16,5,,367,6,0,0,4,View license
google,6.4k,493,287,13,1,0,449,2,0,0,0,Apache-2.0
alibaba,6.3k,687,172,85,1,1,463,3,0,0,0,Apache-2.0
mitesh77,6k,1.3k,238,11,0,0,64,3,0,0,0,View license
OpenFlutter,5.5k,900,395,0,1,0,445,1,0,0,0,Apache-2.0
brianegan,5.1k,933,214,17,1,1,336,8,0,0,0,BSD-3-Clause
invoiceninja,5k,1.6k,208,584,7,2,"8,980",3,0,0,166,View license
nisrulz,4.6k,1.2k,208,9,0,0,145,2,0,0,0,Apache-2.0
felangel,4.3k,924,119,18,2,1,811,3,0,0,212,MIT
Sky24n,4.1k,902,118,24,0,0,102,1,0,0,0,BSD-2-Clause
alibaba,3.8k,550,118,59,2,1,569,15,0,0,48,MIT
londonappbrewery,3.3k,955,298,7,0,0,92,1,0,0,3,contributors
simplezhli,3.1k,699,80,3,0,0,195,1,0,0,0,Apache-2.0
roughike,2.9k,515,116,22,3,0,419,2,0,0,3,Apache-2.0
getActivity,2.7k,592,74,1,0,0,14,1,0,0,10,Apache-2.0
samarthagarwal,2.7k,703,132,2,1,0,47,1,0,0,0,MIT
flame-engine,2.6k,203,97,15,4,0,793,6,0,0,44,MIT
yubo725,2.5k,428,84,8,0,0,1,0,0,0,,MIT
xujiyou,2.5k,399,72,6,0,0,1,0,0,0,,Fetching contributors
theyakka,2.4k,236,50,43,14,,111,4,0,0,11,View license
best-flutter,2.3k,294,41,144,13,0,83,2,0,0,0,MIT
rrousselGit,2.3k,180,60,40,2,0,190,3,0,0,32,MIT
nb312,2.3k,415,112,5,0,,119,2,0,0,0,Fetching contributors
yang7229693,2.2k,373,95,4,0,0,48,1,0,0,0,Fetching contributors
flutterchina,2.2k,283,105,7,0,0,1,0,0,0,1,contributor
balsikandar,2.1k,206,101,3,1,0,45,1,0,0,0,Apache-2.0
FilledStacks,2.1k,745,115,2,2,0,210,3,0,0,0,MIT
gskinnerTeam,2k,454,98,1,1,,23,4,0,0,0,MIT
2d-inc,2k,338,73,93,16,0,380,21,0,0,0,MIT
pion,1.9k,166,81,32,4,1,343,10,0,0,2,MIT
TGIF-iMatrix,1.9k,222,62,3,0,0,117,3,0,0,6,MIT
boyan01,1.9k,423,57,4,0,5,470,3,0,0,2,View license
CarGuo,1.9k,349,52,4,3,0,7,0,0,27,,Apache-2.0
xuelongqy,1.8k,288,28,10,1,0,481,3,0,0,37,MIT
zino-app,1.8k,263,53,103,8,2,6,0,0,76,,MIT
phoenixsky,1.8k,299,58,0,2,0,4,0,0,9,,Fetching contributors
huanxsd,1.8k,432,60,8,0,0,39,1,0,0,0,Fetching contributors
lohanidamodar,1.8k,649,110,2,1,0,411,5,0,0,1,MIT
OpenFlutter,1.7k,260,51,4,0,0,709,8,0,0,9,Apache-2.0
FirebaseExtended,1.7k,792,66,689,82,1,3,10,0,0,111,BSD-3-Clause
WorldHealthOrganization,1.7k,423,115,145,18,0,12,0,0,8,,View license
OpenFlutter,1.7k,189,33,2,0,0,6,0,0,0,,Apache-2.0
jogboms,1.6k,145,29,5,1,,92,1,0,0,11,MIT
imaNNeoFighT,1.6k,257,24,42,0,0,640,51,0,0,48,BSD-3-Clause
tekartik,1.6k,227,43,45,2,0,554,2,0,0,14,BSD-2-Clause
UnityTech,1.6k,218,87,29,2,0,"1,861",36,0,0,2,View license
GanZhiXiong,1.5k,317,75,22,0,0,92,1,0,0,1,Apache-2.0
CarGuo,1.4k,208,34,2,0,0,0,0,0,,,MIT
cachecats,1.4k,257,111,5,1,0,1,0,0,0,,Fetching contributors
ionicfirebaseapp,1.4k,172,45,12,1,1,657,3,0,0,0,View license
flutter-rs,1.4k,48,47,24,1,0,471,17,0,0,3,MIT
letsar,1.4k,238,25,68,5,0,76,1,0,0,13,MIT
mobxjs,1.4k,155,49,39,6,,808,5,0,0,47,MIT
shichunlei,1.3k,277,35,7,0,0,559,1,0,0,0,Apache-2.0
fluttercandies,1.3k,215,51,4,0,0,104,3,0,0,0,Apache-2.0
peng8350,1.3k,211,22,55,4,0,453,1,0,0,36,MIT
cloudwebrtc,1.3k,273,78,62,6,2,447,8,0,0,2,MIT
janoodleFTW,1.3k,285,51,9,1,,41,3,0,0,0,Apache-2.0
brianegan,1.2k,134,28,20,2,1,64,9,0,0,2,MIT
memspace,1.2k,285,38,111,17,1,203,11,0,0,0,Fetching contributors
Mayandev,1.2k,171,36,4,0,0,114,2,0,0,0,MIT
letsar,1.2k,183,27,58,7,0,120,1,0,0,20,MIT
asjqkkkk,1.2k,221,27,0,0,1,249,4,0,0,10,MIT
pauldemarco,1.2k,486,48,211,26,1,252,5,0,0,4,View license
Baseflow,1.2k,300,29,81,4,1,160,8,0,0,22,MIT
hivedb,1.2k,73,28,81,4,,335,5,0,0,24,Apache-2.0
johnpryan,1.2k,350,52,103,20,1,427,9,0,0,0,BSD-3-Clause
flutter,1.2k,1.5k,122,389,2,,"2,722",2,0,0,1,View license
YYFlutter,1.2k,143,37,9,0,0,2,0,0,6,,Fetching contributors
mdanics,1.1k,327,76,9,0,0,194,2,0,0,0,View license
toly1994328,1.1k,152,34,7,0,0,28,2,0,0,1,MIT
huextrat,1.1k,340,49,1,1,0,23,1,0,0,0,MIT
flutter,1.1k,1.9k,139,9,1,,117,1,0,0,0,BSD-3-Clause
fluttercommunity,1.1k,580,47,338,25,0,330,2,0,0,13,View license
youxinLu,1.1k,292,39,2,0,0,1,0,0,0,,MIT
Softmotions,1.1k,112,71,13,1,,"2,196",4,0,0,108,MIT
crazycodeboy,1.1k,158,47,1,1,0,1,0,0,0,,Fetching contributors
flutterchina,1.1k,85,65,52,0,0,13,7,0,0,0,MIT
luhenchang,1.1k,226,43,17,0,0,104,1,0,0,0,Fetching contributors
diegoveloper,1k,265,52,1,0,0,94,1,0,0,0,MIT
flutter,1k,173,110,416,1,1,"2,180",52,0,0,33,BSD-3-Clause
tomialagbe,1k,245,69,9,1,0,70,3,0,0,0,MIT
X-Wei,1k,292,44,10,0,0,329,4,0,0,12,MIT
rrousselGit,978,56,21,14,0,0,148,4,0,0,17,MIT
iampawan,973,315,61,21,3,0,10,3,0,0,0,Apache-2.0
renancaraujo,932,198,20,32,5,2,330,6,0,0,34,MIT
CyC2018,98.4k,32.1k,4.8k,27,9,0,"3,615",1,0,0,211,contributors
airbnb,94.8k,18.5k,3.6k,79,38,,"1,812",4,0,0,92,MIT
Snailclimb,76.4k,26.3k,3.9k,26,2,0,1,0,0,0,,Apache-2.0
trekhleb,68.8k,11.4k,2.7k,49,133,,790,5,0,0,0,MIT
iluwatar,57.1k,18.4k,4k,162,4,,"2,421",12,0,0,15,View license
elastic,48.3k,16.5k,2.8k,"2,399",333,1,47,307,0,0,271,View license
spring-projects,47.1k,29.6k,3.4k,444,33,0,"26,191",11,0,0,151,Apache-2.0
kdn251,43.4k,9.2k,2.4k,27,43,0,6,0,0,0,,MIT
doocs,42.5k,11.8k,2.2k,10,0,,447,1,0,0,0,CC-BY-SA-4.0
ReactiveX,42.5k,7.1k,2.4k,12,1,0,"5,737",4,0,0,236,Apache-2.0
google,36.9k,8.3k,2.5k,629,65,0,"5,257",4,0,0,90,Apache-2.0
square,36.8k,8k,1.7k,82,6,,"4,569",47,0,0,93,Apache-2.0
square,35.5k,6.5k,1.6k,85,15,,"1,827",12,0,0,52,Apache-2.0
ryanmcdermott,35.2k,4.1k,1.2k,29,15,0,525,1,0,0,0,MIT
macrozheng,33.5k,14.2k,1.7k,13,1,0,1,0,0,1,,Apache-2.0
apache,32k,20.9k,3.3k,503,101,4,"4,275",6,0,0,67,Apache-2.0
blueimp,30.6k,8.1k,1.7k,45,0,,196,2,0,0,115,MIT
azl397985856,30.6k,5.7k,1.1k,29,0,1,619,2,0,0,23,Apache-2.0
PhilJay,30.5k,7.8k,1.1k,"1,652",92,2,"2,062",6,0,0,44,View license
apache,25.8k,21.6k,2.1k,254,0,,"27,051",21,0,0,118,Apache-2.0
zxing,25.2k,8.7k,1.7k,8,0,,"3,526",2,0,0,27,Apache-2.0
square,24.6k,3.6k,1.1k,35,12,,"1,226",136,0,0,25,Apache-2.0
crossoverJie,24.5k,6.7k,1.7k,28,7,0,703,4,0,0,1,MIT
akullpp,24.5k,5.4k,2.2k,1,3,0,"1,506",1,0,0,0,View license
TheAlgorithms,22.8k,8.3k,1.4k,38,357,0,971,3,0,0,0,MIT
greenrobot,22.4k,4.5k,1.1k,91,42,0,507,9,0,0,7,Apache-2.0
skylot,21.9k,2.6k,706,139,2,1,"1,212",6,0,0,14,Apache-2.0
ityouknow,21.8k,9.9k,1.3k,2,0,0,0,0,0,,,Fetching contributors
geekcompany,21.5k,7.7k,1k,2,0,,1,0,0,0,,Fetching contributors
alibaba,21.2k,5.3k,1.3k,63,15,0,249,3,0,0,25,Apache-2.0
alibaba,21.2k,5.7k,1.4k,"1,289",38,1,"3,480",14,0,0,122,Apache-2.0
alibaba,20.7k,4.4k,1.1k,107,22,1,926,3,0,0,18,Apache-2.0
sorrycc,20.1k,2.9k,1k,17,193,,674,2,0,0,206,contributors
fighting41love,19.6k,5.9k,895,1,0,0,0,0,0,8,,contributors
dmlc,18.9k,7.5k,989,210,24,1,"4,176",8,0,0,19,Apache-2.0
lydiahallie,18.1k,2.2k,573,27,23,0,14,0,0,40,,Apache-2.0
SeleniumHQ,17.5k,5.6k,1.3k,386,65,2,"25,023",19,0,0,124,Apache-2.0
libgdx,16.8k,6k,1.3k,276,92,0,"14,125",7,0,0,46,View license
microsoft,16.8k,4.4k,1.4k,736,87,,116,"1,069",0,0,39,View license
jhipster,16k,3.3k,814,73,35,0,"21,492",10,0,0,208,Apache-2.0
judasn,15.6k,6.6k,1.8k,1,0,0,1,0,0,0,,GPL-2.0
google,15.4k,4.6k,860,394,15,0,"7,864",12,0,0,164,Apache-2.0
android10,14.2k,3.2k,865,124,18,0,244,2,0,0,6,Apache-2.0
google,14.2k,2.2k,648,203,80,16,"1,905",7,0,0,18,Apache-2.0
alibaba,14.1k,3.7k,517,12,5,0,376,4,0,0,25,Apache-2.0
hollischuang,13.6k,3.2k,693,7,1,0,1,0,0,0,,Fetching contributors
xuxueli,13.5k,5.8k,889,62,11,0,11,0,0,29,,GPL-3.0
you-dont-need,13.3k,778,392,25,2,0,121,1,0,0,0,View license
mybatis,13.3k,8.8k,1.2k,112,47,0,"3,338",8,0,0,31,View license
dianping,13.1k,4.3k,1.1k,46,9,0,9,0,0,7,,Apache-2.0
marcuswestin,13.1k,2.8k,518,65,19,0,463,6,0,0,31,MIT
dbeaver,13.1k,1.2k,399,"1,302",3,1,"15,766",17,0,0,112,Apache-2.0
alibaba,13k,3.8k,841,206,27,0,468,4,0,0,17,Apache-2.0
jobbole,12.9k,4.4k,1.5k,3,1,0,1,0,0,0,,Fetching contributors
redisson,12.8k,3.1k,862,124,19,,"5,633",3,0,0,164,Apache-2.0
brettwooldridge,12.8k,2k,716,202,37,0,"2,704",8,0,0,94,Apache-2.0
wesbos,12.5k,14.5k,535,7,0,,325,1,0,0,0,Fetching contributors
xkcoding,12.3k,4.1k,612,29,7,0,3,0,0,0,,MIT
oracle,12.3k,855,445,589,68,3,"44,001",14,0,0,154,View license
francistao,12.2k,4k,984,62,30,0,227,1,0,0,0,Fetching contributors
orhanobut,12.2k,1.9k,374,46,10,,144,1,0,0,21,Apache-2.0
alibaba,11.9k,3.7k,682,175,34,0,564,14,0,0,19,Apache-2.0
looly,11.8k,3.7k,466,4,0,0,616,2,0,0,54,View license
eclipse,11.6k,4.8k,827,983,7,1,843,67,0,0,56,Apache-2.0
playframework,11.6k,3.9k,722,398,34,,"10,688",11,0,0,186,Apache-2.0
elastic,11.3k,3k,845,"1,565",123,0,"9,486",87,0,0,221,View license
ray-project,11.2k,1.7k,376,809,116,0,"4,472",15,0,0,34,Apache-2.0
zhangdaiscott,11.1k,4.2k,508,23,6,0,9,0,0,0,,Apache-2.0
AobingJava,11.1k,2.2k,547,7,1,0,1,0,0,0,,Fetching contributors
Konloch,11.1k,761,365,51,2,0,294,1,0,0,48,GPL-3.0
androidannotations,11k,2.4k,692,42,0,,"2,924",2,0,0,33,View license
eclipse-vertx,11k,1.7k,611,189,59,0,"4,368",72,0,0,99,View license
mikepenz,11k,2.1k,367,5,0,0,"2,249",31,0,0,203,Apache-2.0
realm,10.9k,1.7k,386,400,24,,"8,276",104,0,0,172,View license
facebook,10.8k,1.5k,556,225,4,0,"7,962",9,0,0,29,MIT
Tamsiree,10.7k,2.7k,410,77,0,0,1,0,0,190,,Apache-2.0
google,10.7k,1.4k,369,31,0,,"1,741",8,0,0,122,View license
mockito,10.4k,1.9k,423,247,11,1,"5,247",22,0,0,492,MIT
prestodb,10.4k,3.6k,876,877,111,0,"17,248",34,0,0,254,Apache-2.0
aalansehaiyang,10.1k,3k,796,7,3,0,260,1,0,0,0,Fetching contributors
wasabeef,10k,1.9k,320,100,3,0,280,3,0,0,16,Apache-2.0
permissions-dispatcher,9.9k,1.3k,277,9,0,0,725,1,0,0,45,Apache-2.0
Yalantis,9.8k,1.7k,256,92,15,0,8,0,0,8,40,contributors
open-android,9.6k,2.8k,750,22,3,0,41,1,0,0,1, contributor
javascript-tutorial,9.4k,2k,247,29,17,,"4,335",20,0,0,0,View license
google,9.4k,780,369,58,7,0,"2,329",11,0,0,14,Apache-2.0
medcl,9.4k,2.2k,580,246,8,0,250,4,0,0,121,Apache-2.0
google,9.2k,1.3k,573,295,51,0,"1,750",6,0,0,28,Apache-2.0
rzwitserloot,9.1k,1.7k,423,605,8,,"2,919",3,0,0,57,MIT
xetorthio,9k,3.3k,731,135,69,0,"1,631",10,0,0,53,MIT
code4craft,8.9k,3.7k,823,242,36,0,"1,021",16,0,0,23,Apache-2.0
shichuan,8.9k,1.7k,532,15,2,0,3,0,0,0,,Fetching contributors
GoogleContainerTools,8.8k,836,316,94,7,4,"1,375",12,0,0,93,Apache-2.0
docker,8.8k,4.3k,558,36,44,0,708,1,0,0,0,Apache-2.0
perwendel,8.7k,1.5k,437,163,36,0,977,6,0,0,21,Apache-2.0
wasabeef,8.6k,1.3k,201,36,1,0,215,6,0,0,17,Apache-2.0
codecentric,8.6k,2.4k,709,32,3,,"1,358",8,0,0,50,Apache-2.0
KotlinBy,8.6k,976,381,61,0,,73,3,0,0,0,Fetching contributors
google,8.6k,1k,380,70,19,0,"1,105",4,0,0,61,Apache-2.0
jason718,2k,320,140,0,1,0,116,1,0,0,0,Fetching contributors
dustinspecker,2k,148,67,1,2,0,172,1,0,0,0,CC0-1.0
jdorfman,2k,266,89,0,0,0,256,6,0,0,0,CC0-1.0
lcpz,2k,421,115,3,0,0,821,2,0,0,34,contributors
coreb1t,2k,513,151,1,4,0,76,1,0,0,0,Fetching contributors
wsvincent,2k,396,109,0,1,0,211,2,0,0,0,Fetching contributors
docker,1.9k,144,65,3,4,0,115,1,0,0,0,CC0-1.0
pawl,1.9k,222,133,3,10,0,53,1,0,0,0,Fetching contributors
styfle,1.9k,172,86,9,3,,198,1,0,0,0,View license
ngalongc,1.9k,648,195,0,0,0,196,1,0,0,0,Fetching contributors
dkozlov,1.9k,338,96,0,0,0,101,1,0,0,0,Fetching contributors
Yalantis,1.9k,269,87,3,0,0,56,2,0,0,3,Apache-2.0
SvenTiigi,1.9k,95,30,0,0,,484,3,0,0,17,MIT
mcxiaoke,1.9k,241,95,4,1,0,152,1,0,0,0,Fetching contributors
michaelliao,1.8k,2.7k,161,18,11,0,2,18,0,0,0,GPL-3.0
sarojaba,1.8k,410,155,0,0,0,"2,692",1,0,0,0,Fetching contributors
jondot,1.8k,135,84,1,6,0,137,1,0,0,0,Fetching contributors
dreikanter,1.8k,287,127,1,1,0,297,1,0,0,0,Fetching contributors
HQarroum,1.8k,318,138,0,1,0,212,1,0,0,0,MIT
janikvonrotz,1.8k,219,154,0,1,0,182,2,0,0,0,View license
mobxjs,1.8k,123,69,8,3,0,128,2,0,0,0,Fetching contributors
watson,1.8k,119,71,2,9,0,172,1,0,0,0,Fetching contributors
nathansearles,1.8k,389,80,305,41,0,118,5,0,0,0,Fetching contributors
QianMo,1.8k,610,197,1,0,0,65,1,0,0,0,Fetching contributors
Calinou,1.7k,134,175,1,0,0,232,2,0,0,0,CC-BY-4.0
fenbf,1.7k,193,188,1,1,0,37,1,0,0,0,Fetching contributors
forecho,1.7k,566,376,0,0,0,1,0,0,0,,MIT
Yochengliu,1.7k,419,191,0,0,0,202,1,0,0,0,Fetching contributors
learn-anything,1.7k,347,97,0,0,0,324,1,0,0,0,CC0-1.0
bungle,1.7k,198,173,0,3,0,352,1,0,0,0,Fetching contributors
alphaSeclab,1.7k,293,95,0,0,0,5,1,0,0,1,Fetching contributors
NARKOZ,1.7k,228,109,0,2,,64,1,0,0,0,Fetching contributors
dreamingechoes,1.7k,82,49,2,0,0,1,0,0,0,,CC0-1.0
zudochkin,1.7k,149,77,5,2,0,4,0,0,0,,Fetching contributors
XiaoMi,1.7k,218,80,22,1,0,117,4,0,0,11,Apache-2.0
love2d-community,1.7k,120,100,0,1,0,366,2,0,0,0,CC0-1.0
kiloreux,1.7k,454,171,2,1,0,70,1,0,0,0,View license
wbkd,1.7k,90,109,1,6,0,113,1,0,0,0,Fetching contributors
Animatious,1.7k,198,95,1,0,0,10,1,0,0,0,MIT
JingwenTian,1.7k,485,147,0,2,0,211,1,0,0,0,Fetching contributors
vinjn,1.7k,159,150,0,0,0,306,1,0,0,0,Fetching contributors
dakshshah96,1.7k,93,47,0,4,0,74,1,0,0,0,Fetching contributors
jphall663,1.6k,309,128,2,1,0,177,2,0,0,0,View license
vim-awesome,1.6k,87,47,64,15,0,542,295,0,0,2,MIT
emijrp,1.6k,209,135,0,5,0,117,1,0,0,0,CC0-1.0
jghoman,1.6k,223,117,2,0,0,219,1,0,0,0,Fetching contributors
hu17889,1.6k,481,154,16,2,0,178,1,0,0,4,MPL-2.0
zualex,1.6k,496,239,0,0,0,168,2,0,0,1,Fetching contributors
sshuair,1.6k,350,186,7,1,0,249,3,0,0,0,MIT
jobbole,1.6k,504,182,0,0,0,1,0,0,0,,Fetching contributors
unicodeveloper,1.6k,415,128,2,19,0,234,2,0,0,0,Fetching contributors
FortAwesome,1.6k,98,33,29,3,0,129,3,0,0,10,MIT
Snailclimb,1.6k,349,84,0,0,0,49,1,0,0,0,Fetching contributors
NervJS,1.6k,188,64,1,1,0,1,0,0,0,,Fetching contributors
markusschanta,1.6k,215,95,0,1,0,146,5,0,0,0,CC-BY-SA-4.0
JsonChao,1.6k,403,80,2,0,0,1,0,0,0,,Apache-2.0
onurakpolat,1.6k,277,123,0,3,0,1,0,0,0,,MIT
vert-x3,1.6k,239,165,1,1,,385,4,0,0,0,Apache-2.0
learn-anything,1.6k,75,67,0,1,0,245,1,0,0,0,CC0-1.0
derimagia,1.6k,71,75,3,3,0,142,1,0,0,0,Fetching contributors
chongyangtao,1.6k,416,154,4,0,0,27,1,0,0,0,Fetching contributors
crazycodeboy,1.6k,385,101,2,3,0,4,0,0,0,,MIT
lauragift21,1.5k,313,72,0,0,0,355,2,0,0,0,MIT
fendouai,1.5k,353,97,0,1,0,11,1,0,0,0,Apache-2.0
jonatasbaldin,1.5k,83,53,0,0,0,1,0,0,0,,MIT
joggerplus,1.5k,208,86,0,0,0,55,1,0,0,0,Fetching contributors
billy21,1.5k,321,93,10,0,0,27,1,0,0,0,Fetching contributors
hubtee,1.5k,144,94,7,0,0,68,2,0,0,0,View license
hwalsuklee,1.5k,386,105,5,0,0,44,1,0,0,0,Apache-2.0
semlinker,1.5k,136,47,1,2,0,42,1,0,0,0,Fetching contributors
kujian,1.5k,144,379,711,0,0,"1,768",1,0,0,0,Apache-2.0
pico-8,1.5k,71,108,1,0,0,159,1,0,0,0,CC0-1.0
kgryte,1.5k,150,95,2,3,0,145,1,0,0,0,View license
wubaiqing,1.5k,105,98,1,0,0,0,0,0,,,MIT
Separius,1.5k,200,71,2,1,,185,2,0,0,0,GPL-3.0
Awesome-Interview,1.5k,299,60,0,0,0,1,0,0,0,,View license
chubin,1.5k,114,83,3,0,0,119,1,0,0,0,MIT
cristaloleg,1.5k,97,68,0,0,0,160,1,0,0,0,Unlicense
Famolus,1.5k,108,57,0,0,0,207,1,0,0,0,CC0-1.0
TalAter,1.5k,78,58,0,5,0,61,1,0,0,0,CC0-1.0
hwayne,1.5k,19,89,3,0,0,18,1,0,0,0,View license
ameizi,1.5k,238,76,1,0,0,59,1,0,0,0,MIT
SumiMakito,1.5k,206,56,11,1,0,84,2,0,0,8,Apache-2.0
ramnes,1.5k,224,77,0,5,0,122,1,0,0,0,Fetching contributors
leochuan,1.5k,257,28,53,1,0,122,1,0,0,22,Apache-2.0
arbox,1.5k,128,116,2,0,,169,1,0,0,0,CC0-1.0
manuzhang,1.5k,207,135,1,1,0,2,0,0,0,,Fetching contributors
gokceneraslan,1.5k,277,177,3,0,0,138,1,0,0,0,Fetching contributors
cbsudux,1.5k,300,103,0,3,0,43,1,0,0,0,Fetching contributors
shuaibiyy,1.5k,205,102,1,4,0,196,1,0,0,0,Fetching contributors
BinaryMuse,1.5k,176,50,9,1,0,139,2,0,0,15,MIT
xinghaochen,1.4k,342,138,1,0,0,1,0,0,0,,Fetching contributors
kba,1.4k,227,99,39,0,0,159,1,0,0,0,View license
adamsitnik,1.4k,149,213,5,0,0,84,1,0,0,0,MIT
jaredthecoder,1.4k,376,153,1,0,,180,1,0,0,0,CC0-1.0
rust-embedded,1.4k,124,107,11,0,0,534,3,0,0,0,View license
carlospolop,1.4k,284,49,3,0,0,247,3,0,0,0,MIT
freeCodeCamp,310k,24k,8.4k,172,57,,"25,593",8,0,0,0,BSD-3-Clause
vuejs,163k,24.6k,6.1k,309,182,3,"3,097",46,0,0,249,MIT
facebook,147k,28.5k,6.7k,457,88,0,"13,156",68,0,0,131,MIT
twbs,140k,68.7k,7.2k,302,81,5,"19,599",78,0,0,57,MIT
getify,120k,24.2k,5.4k,74,36,1,"1,753",4,0,0,0,View license
airbnb,94.8k,18.5k,3.6k,79,38,,"1,812",4,0,0,92,MIT
electron,82.2k,11k,2.8k,"1,079",60,10,"23,457",141,0,0,877,MIT
axios,72.4k,6.5k,1.2k,226,123,2,926,8,0,0,43,MIT
nodejs,69.4k,16.8k,2.9k,974,306,2,34,0,0,598,,View license
trekhleb,68.8k,11.4k,2.7k,49,133,,790,5,0,0,0,MIT
justjavac,65.8k,20.3k,5.5k,140,0,,904,1,0,0,3,GPL-3.0
angular,60.3k,16.5k,3.2k,"2,826",582,5,"17,670",88,0,0,416,MIT
mrdoob,60k,23.2k,2.5k,451,122,1,"32,811",6,0,0,107,MIT
microsoft,59.7k,8.1k,2.1k,"4,337",180,7,"30,080",383,0,0,118,Apache-2.0
mui-org,56.7k,15.6k,1.3k,368,31,,"11,557",4,0,0,265,MIT
30-seconds,56k,6.2k,1.7k,0,0,0,"4,903",1,0,0,6,CC0-1.0
webpack,53.9k,7k,1.6k,350,101,2,"10,900",53,0,0,425,MIT
jquery,53.2k,19.3k,3.4k,64,21,0,"6,476",4,0,0,151,MIT
reduxjs,53k,13.9k,1.5k,28,12,,"2,985",6,0,0,61,View license
atom,51.7k,14.4k,2.5k,567,128,0,"37,493",135,0,0,538,MIT
chartjs,48.3k,10.3k,1.5k,379,4,,"3,118",6,0,0,48,MIT
expressjs,48.3k,8.1k,1.8k,96,57,,"5,583",10,0,0,280,MIT
denoland,47.5k,2.2k,1.5k,390,48,,"3,215",3,0,0,81,MIT
storybookjs,47.4k,4.5k,700,527,47,3,"26,646",118,0,0,754,MIT
ElemeFE,44.9k,10.3k,1.4k,"1,432",315,4,"4,384",8,0,0,130,MIT
h5bp,44.7k,10.7k,2.6k,6,1,,"1,797",1,0,0,37,MIT
lodash,44.4k,4.8k,865,56,45,,"7,994",7,0,0,415,View license
moment,43.8k,6.6k,942,369,97,0,"3,790",20,0,0,75,MIT
goldbergyoni,43.1k,3.9k,1.3k,19,8,1,"1,858",75,0,0,0,CC-BY-SA-4.0
meteor,41.7k,5.1k,1.8k,98,28,0,"22,804","1,081",0,0,"1,281",View license
ionic-team,40.8k,13.2k,1.8k,775,79,3,"10,292",66,0,0,231,View license
thedaviddias,39k,3.9k,1.1k,12,0,0,676,2,0,0,1,CC0-1.0
yarnpkg,38.3k,2.5k,608,"2,086",143,2,"2,334",74,0,0,159,View license
Dogfalo,37.4k,4.8k,1.1k,576,187,1,"3,876",24,0,0,44,MIT
FreeCodeCampChina,36.8k,1.4k,784,143,7,1,"8,845",5,0,0,0,View license
nwjs,36.7k,3.9k,1.7k,753,8,0,"4,078",62,0,0,261,View license
babel,36.4k,4.2k,876,604,147,5,"13,687",14,0,0,655,MIT
prettier,36.2k,2.3k,418,666,103,0,"4,031",8,0,0,98,MIT
serverless,35.5k,4.1k,1k,768,29,1,17,0,0,180,,MIT
parcel-bundler,35.5k,1.7k,476,551,34,1,"1,857",64,0,0,514,MIT
sindresorhus,35.5k,4.3k,1.6k,0,8,,776,1,0,0,0,CC0-1.0
ryanmcdermott,35.2k,4.1k,1.2k,29,15,0,525,1,0,0,0,MIT
juliangarnier,35.1k,2.7k,714,94,16,0,705,11,0,0,13,MIT
MaximAbramchuck,33.9k,4.8k,1.5k,3,7,0,344,1,0,0,112,contributors
TryGhost,33.4k,7.3k,1.1k,53,6,,"10,817",6,0,0,325,MIT
zeit,33k,2.8k,501,753,21,0,"1,739",5,0,0,101,MIT
tuvtran,31.8k,5.3k,1.4k,11,52,0,456,1,0,0,0,MIT
leonardomso,31.6k,3.5k,1k,2,2,0,401,2,0,0,0,MIT
adobe,31.2k,6.6k,1.6k,"2,482",163,0,"17,845",179,0,0,114,MIT
facebook,30.6k,4.3k,520,893,122,0,"4,790",6,0,0,175,MIT
azl397985856,30.6k,5.7k,1.1k,29,0,1,619,2,0,0,23,Apache-2.0
mozilla,30.4k,7.2k,1k,594,19,1,"12,440",3,0,0,51,Apache-2.0
hexojs,30.2k,3.9k,859,137,32,0,"3,238",9,0,0,135,MIT
alvarotrigo,29.8k,7k,906,157,21,0,"1,822",8,0,0,72,GPL-3.0
immutable-js,29.6k,1.7k,578,141,31,0,556,4,0,0,65,MIT
pixijs,29.2k,4.1k,1.1k,76,17,3,"5,269",35,0,0,119,MIT
zenorocha,28.4k,3.5k,443,9,4,0,289,3,0,0,37,MIT
videojs,28k,6.4k,1.3k,212,11,4,"3,551",137,0,0,399,View license
Leaflet,27.7k,4.5k,959,389,126,1,"6,840",45,0,0,45,BSD-2-Clause
photonstorm,27.1k,6.2k,1.3k,198,49,,"14,105",7,0,0,112,MIT
caolan,26.5k,2.4k,720,1,2,0,"1,788",3,0,0,81,MIT
RocketChat,26.4k,5.8k,947,"2,152",298,18,"18,030",192,1,1,374,View license
nestjs,26.3k,2.2k,585,66,28,0,"5,224",46,0,0,144,MIT
xitu,26k,4.3k,1.3k,34,11,,1,0,0,0,,Fetching contributors
jashkenas,25.3k,5.5k,920,54,48,0,"2,500",7,0,0,67,View license
NervJS,25k,3k,680,811,32,1,"6,063",43,0,0,306,MIT
vuetifyjs,25k,4.1k,574,"1,026",56,,"9,594",111,0,0,339,MIT
nylas,24.5k,1.4k,476,"1,005",30,1,"6,116",3,0,0,108,MIT
select2,24.4k,5.9k,773,44,10,1,"2,595",6,1,1,47,MIT
Modernizr,24.3k,3k,1k,157,21,,"2,537",6,0,0,34,View license
yangshun,23.9k,3.3k,720,0,0,,400,4,0,0,0,MIT
strapi,23.7k,2.9k,504,211,27,0,"12,719",21,0,0,133,MIT
standard,23.6k,1.8k,471,108,12,,"1,672",22,0,0,170,MIT
carbon-app,23.5k,1.2k,251,19,6,,"1,403",2,0,0,166,MIT
vuejs,23.5k,7.8k,789,38,17,0,"1,006",7,0,0,44,MIT
github,23.5k,2.5k,501,10,6,,591,4,0,0,28,MIT
Marak,23.3k,1.9k,332,185,132,0,997,3,0,0,31,View license
iview,23.2k,4.2k,803,984,88,4,"3,013",15,0,0,85,View license
transloadit,22.5k,1.3k,354,95,12,0,"7,539",29,0,0,"1,086",MIT
lerna,22.4k,1.4k,221,364,36,0,"1,993",6,0,0,176,MIT
serhii-londar,22.3k,1.5k,854,13,7,0,984,6,0,0,0,CC0-1.0
date-fns,22.1k,971,226,156,29,,"1,375",6,0,0,163,View license
webtorrent,21.7k,2.1k,739,143,28,,"2,605",6,0,0,307,MIT
mobxjs,21.7k,1.4k,405,18,1,0,"2,534",9,0,0,222,MIT
ReactiveX,21.7k,2.3k,481,327,69,0,"3,979",12,0,0,115,Apache-2.0
sequelize,21.7k,3.4k,445,809,67,,"8,621",18,0,0,505,MIT
VincentGarreau,21.5k,3.7k,559,260,47,0,235,2,0,0,6,MIT
sentsin,21.5k,6.1k,1k,405,94,0,3,0,0,39,,MIT
emberjs,21.4k,4.2k,991,247,77,4,"19,799",74,0,0,437,MIT
naptha,21.3k,1.4k,469,16,1,1,572,5,0,0,46,Apache-2.0
hammerjs,21.2k,2.6k,560,251,36,0,"1,199",9,0,0,25,MIT
elsewhencode,21.1k,2.1k,568,12,3,0,156,3,0,0,0,MIT
SheetJS,20.7k,5.3k,532,331,26,,440,2,0,0,94,Apache-2.0
t4t5,20.7k,2.8k,491,121,17,0,359,3,0,0,34,MIT
facebook,20.6k,1.8k,421,"2,417",131,1,"10,455",112,0,0,174,MIT
dcloudio,20.6k,1.8k,392,445,7,0,"4,568",8,0,0,261,Apache-2.0
niklasvh,20.3k,3.5k,510,569,38,1,944,3,0,0,31,MIT
gorhill,20.1k,1.6k,767,73,6,0,"7,485",3,0,0,252,GPL-3.0
sorrycc,20.1k,2.9k,1k,17,193,,674,2,0,0,206,contributors
kriasoft,20.1k,4k,593,437,53,2,"1,002",11,0,0,8,MIT
jwasham,110k,32.1k,5.8k,26,22,,"1,342",1,0,0,0,CC-BY-SA-4.0
CyC2018,98.4k,32.1k,4.8k,27,9,0,"3,615",1,0,0,0,Fetching contributors
jlevy,74.3k,8.5k,2.4k,84,94,0,"1,185",2,0,0,151,contributors
daneden,66.2k,14.2k,2.4k,4,0,1,459,5,0,0,26,MIT
ossu,58.9k,8.7k,3.4k,12,1,0,793,2,0,0,5,MIT
30-seconds,56k,6.2k,1.7k,0,0,0,"4,903",1,0,0,6,CC0-1.0
MisterBooo,52.9k,9.7k,2.3k,0,0,0,1,0,0,0,,Fetching contributors
chartjs,48.3k,10.3k,1.5k,379,4,,"3,118",6,0,0,48,MIT
tonsky,46.4k,1.8k,705,233,2,0,398,1,0,0,22,OFL-1.1
FreeCodeCampChina,36.8k,1.4k,784,143,7,1,"8,845",5,0,0,0,View license
torrvision,774,58,31,16,1,0,118,3,0,0,5,MIT
Gurpartap,767,222,51,13,5,0,12,1,0,0,0,MIT
neror,740,123,33,1,0,0,45,2,0,0,0,Fetching contributors
gruntjs,722,156,20,27,2,0,236,2,0,0,16,MIT
dawson-org,722,25,14,0,0,1,739,56,0,0,58,GPL-3.0
t0m,702,235,46,5,1,0,88,3,0,0,14,MIT
gruntjs,689,190,31,22,2,0,274,2,0,0,18,MIT
badoo,686,96,42,7,0,0,38,2,0,0,0,MIT
awgn,683,38,39,1,0,0,631,2,0,0,85,GPL-2.0
Avik-Jain,28.4k,7.2k,2.3k,24,0,,107,3,0,0,0,MIT
fffaraz,25.1k,4.4k,1.9k,299,44,,"1,299",2,0,0,0,View license
vuejs,25.1k,4.6k,657,469,70,4,"2,896",16,0,0,167,MIT
raywenderlich,22.7k,3.9k,1.5k,9,38,0,"2,455",11,0,0,0,MIT
danielgindi,22.6k,4.5k,613,499,51,5,"1,707",9,0,0,43,Apache-2.0
brillout,22.3k,1.8k,672,0,0,0,519,2,0,0,0,CC0-1.0
serhii-londar,22.3k,1.5k,854,13,7,0,984,6,0,0,0,CC0-1.0
cheeriojs,21.8k,1.4k,401,216,29,1,"1,115",195,0,0,55,MIT
geekcompany,21.5k,7.7k,1k,2,0,,1,0,0,0,,Fetching contributors
RocketChat,26.4k,5.8k,947,"2,152",298,18,"18,030",193,1,1,374,View license
grpc,25.8k,6.4k,1.2k,705,221,10,"44,454",46,0,0,183,Apache-2.0
vuejs,25.1k,4.6k,657,469,70,4,"2,896",16,0,0,167,MIT
carbon-app,23.5k,1.2k,251,19,6,,"1,403",2,0,0,166,MIT
angular,23.3k,8.9k,1.2k,615,30,,"5,790",29,0,0,410,MIT
CodeHubApp,22.9k,619,6.8k,219,1,,584,6,0,0,39,Fetching contributors
composer,22.9k,5.8k,620,339,20,,"9,405",2,0,0,74,MIT
raywenderlich,22.7k,3.9k,1.5k,9,38,0,"2,455",11,0,0,0,MIT
danielgindi,22.6k,4.5k,613,499,51,5,"1,707",9,0,0,43,Apache-2.0
niklasvh,20.3k,3.5k,510,569,38,1,944,3,0,0,31,MIT
littlecodersh,20.2k,4.7k,917,208,11,0,2,0,0,34,,View license
ocornut,20.1k,3.3k,872,398,95,,"5,711",9,0,0,65,MIT
codemirror,20.1k,4.3k,670,339,24,,"6,658",6,0,0,143,MIT
ggreer,20k,1.2k,437,350,109,0,"2,021",55,0,0,49,Apache-2.0
vim,19.9k,2.8k,696,917,81,0,"11,621",1,0,0,"10,000",View license
ReactiveCocoa,19.8k,3.6k,877,43,6,0,"8,633",12,0,0,155,View license
microsoft,19.7k,3.4k,533,160,15,1,515,9,0,0,0,MIT
angular,19.7k,5.3k,1.1k,"2,126",312,9,"6,829",62,0,0,134,MIT
cypress-io,19.7k,1.2k,357,"1,188",36,,"12,860",734,0,0,203,MIT
donnemartin,19.6k,3.1k,909,23,31,0,775,2,0,0,0,View license
SwiftGGTeam,19.3k,5k,1.3k,0,0,0,5,0,0,3,,Fetching contributors
FFmpeg,19.2k,6.8k,1.2k,1,0,,"97,482",29,0,0,324,View license
hashicorp,19k,3.3k,975,577,68,,"11,248",193,0,0,106,MPL-2.0
dmlc,18.9k,7.5k,989,210,24,1,"4,176",8,0,0,19,Apache-2.0
jobbole,18.9k,6.3k,2k,5,5,,0,0,0,,,View license
obsproject,18.6k,3.7k,1.2k,101,83,,"8,018",11,0,0,119,GPL-2.0
chubin,18.6k,919,465,58,3,0,581,2,0,0,0,MIT
nlohmann,18.2k,3.2k,627,32,7,1,"3,319",8,0,0,31,MIT
wsargent,18.2k,3.6k,781,4,1,0,423,2,0,0,0,CC-BY-4.0
cockroachdb,18.1k,2.2k,732,"2,929",381,22,"46,849",53,0,0,192,View license
bcit-ci,18k,7.9k,1.7k,54,42,0,"10,127",4,0,0,38,MIT
dotnet,17.9k,5.4k,1.5k,7,0,,4,20,0,0,129,contributors
tj,17.7k,1.2k,242,19,1,0,907,6,0,0,81,MIT
Homebrew,16.9k,8.2k,298,39,24,,"105,173",4,0,0,115,BSD-2-Clause
jamiebuilds,16.8k,1.6k,443,8,0,,13,1,0,0,1,CC-BY-4.0
android,16.8k,5.7k,802,101,19,0,458,17,0,0,0,Apache-2.0
microsoft,16.8k,4.4k,1.4k,736,87,,116,"1,069",0,0,39,View license
CorentinJ,16.7k,3.1k,525,140,7,,243,2,0,0,0,View license
brettcannon,412,62,6,8,0,,592,1,0,0,21,Apache-2.0
frakbot,411,60,25,1,0,,5,1,0,0,1,Fetching contributors
sosedoff,410,154,13,14,7,0,148,1,0,0,11,MIT
jchris,410,78,2,7,0,0,617,4,0,0,0,Fetching contributors
aemkei,407,28,18,2,2,0,74,1,0,0,5,WTFPL
lisposter,406,62,30,3,0,0,68,2,0,0,0,Fetching contributors
Eliah-Lakhin,401,24,26,5,0,0,151,2,0,0,10,Apache-2.0
kylef-archive,400,33,15,3,3,0,159,6,0,0,15,BSD-2-Clause
HotBitmapGG,397,79,21,0,0,0,128,2,0,0,4,Apache-2.0
jverkoey,396,108,24,7,2,0,3,1,0,0,0,Fetching contributors
mxgmn,14.2k,728,469,3,0,0,112,1,0,0,0,View license
realm,13.8k,1.8k,419,440,16,,"11,044",60,0,0,257,View license
dotnet-architecture,13.7k,5.7k,1.5k,44,16,1,"3,523",19,0,0,15,MIT
Carthage,13.7k,1.4k,382,150,20,0,"4,211",12,0,0,72,View license
yaronn,13.6k,788,357,55,6,0,395,4,0,0,10,MIT
css-modules,13.5k,443,217,84,10,2,69,2,0,0,19,contributors
TKkk-iOSer,13.5k,2.5k,424,131,3,0,1,2,0,0,16,Fetching contributors
dotnet,13.4k,3.2k,1.4k,246,5,0,"2,599",26,0,0,97,MIT
ccgus,13.3k,2.8k,568,216,38,0,591,10,0,0,21,View license
prisma-archive,13.3k,604,242,172,26,1,559,22,0,0,8,MIT
zloirock,12.6k,873,231,52,3,,"2,735",5,0,0,170,MIT
emilwallner,12.6k,1.3k,533,3,1,1,174,2,0,0,0,View license
gto76,12.5k,2.5k,480,3,6,0,814,3,0,0,0,Fetching contributors
OWASP,12.5k,1.8k,416,40,6,1,916,3,0,0,0,View license
Swordfish90,12.4k,546,309,265,10,0,729,12,0,0,6,contributors
radareorg,12.4k,2.2k,460,"1,328",23,28,"24,078",96,0,0,81,LGPL-3.0
oracle,12.3k,855,445,589,68,3,"44,003",14,0,0,154,View license
jbhuang0604,12.2k,3.1k,1.1k,10,29,0,186,1,0,0,23,contributors
thedaviddias,12.1k,886,358,8,3,0,194,1,0,0,0,MIT
jaywcjlove,12.1k,2.9k,412,17,0,0,609,5,0,0,20,MIT
Flipboard,12.3k,955,415,63,16,0,84,1,0,0,4,BSD-3-Clause
oracle,12.3k,855,445,589,68,3,"44,003",14,0,0,154,View license
LeCoupa,12.2k,2k,438,6,10,0,3,0,0,0,,MIT
jaywcjlove,12.1k,2.9k,412,17,0,0,609,5,0,0,20,MIT
RetroPie,8.5k,1.2k,564,41,35,0,"6,321",3,0,0,29,View license
s-matyukevich,7.3k,653,394,22,0,0,458,3,0,0,0,MIT
therecipe,7.3k,538,297,226,1,,832,1,0,0,0,LGPL-3.0
thibmaek,6.8k,680,382,1,0,0,330,1,0,0,0,View license
raspberrypi,6.7k,3.3k,737,281,33,0,"797,646",65,0,0,49,View license
samyk,5.3k,985,335,84,5,0,41,1,0,0,0,Fetching contributors
raspberrypi,3.4k,1.2k,423,218,1,0,952,4,0,0,45,contributors
deepsyx,3.4k,261,151,11,0,0,48,1,0,0,0,MIT
raspberrypi,3.3k,1.5k,318,54,17,0,837,9,0,0,0,View license
pivpn,3.2k,327,134,43,1,0,594,3,0,0,11,MIT
RoganDawes,2.8k,563,270,95,16,0,245,3,0,0,1,GPL-3.0
blynkkk,2.6k,767,235,15,4,0,"1,758",1,0,0,31,MIT
googlecreativelab,2.4k,278,205,58,5,0,82,2,0,0,0,Apache-2.0
dtcooper,2.3k,123,62,146,3,0,2,0,0,32,,MIT
dwelch67,2.2k,431,287,20,4,0,195,1,0,0,0,Fetching contributors
samjabrahams,2.1k,506,165,72,1,0,79,6,0,0,10,View license
Hexxeh,1.8k,199,136,32,5,0,192,1,0,0,0,MIT
blynkkk,1.8k,650,168,19,1,0,"4,832",13,0,0,185,GPL-3.0
hzeller,1.8k,666,145,238,21,0,800,5,0,0,0,GPL-2.0
raspberrypi,1.8k,388,202,45,13,0,362,2,0,0,27,contributors
lanceseidman,1.6k,281,161,27,12,0,178,4,0,0,0,Fetching contributors
raspberrypi,1.6k,928,256,51,13,0,768,3,0,0,0,BSD-3-Clause
gokrazy,1.6k,60,55,17,1,,66,1,0,0,0,BSD-3-Clause
scottlawsonbc,1.6k,384,123,114,8,1,181,5,0,0,0,MIT
nRF24,1.5k,714,135,37,5,,718,3,0,0,15,GPL-2.0
jishi,1.5k,400,134,123,10,0,4,0,0,6,,MIT
DT42,1.4k,215,101,3,1,1,342,6,0,0,47,GPL-3.0
ni-c,1.4k,326,103,61,6,0,157,2,0,0,0,MIT
wwj718,1.4k,278,99,0,0,0,9,1,0,0,0,Fetching contributors
adafruit,1.4k,685,257,0,0,0,170,2,0,0,0,Fetching contributors
DT42,1.4k,215,101,3,1,1,342,6,0,0,47,GPL-3.0
ni-c,1.4k,326,103,61,6,0,157,2,0,0,0,MIT
wwj718,1.4k,278,99,0,0,0,9,1,0,0,0,Fetching contributors
adafruit,1.4k,685,257,0,0,0,170,2,0,0,0,Fetching contributors
opencardev,1.4k,159,141,90,0,0,502,3,0,0,52,Fetching contributors
stianeikeland,1.4k,151,53,20,7,0,89,1,0,0,10,MIT
davidferguson,1.3k,145,78,59,3,0,86,2,0,0,15,GPL-3.0
guysoft,1.3k,251,116,72,0,0,532,30,0,0,15,GPL-3.0
WiringPi,1.2k,616,136,13,0,,149,1,0,0,1,LGPL-3.0
jgarff,1.2k,457,107,67,1,0,207,3,0,0,0,BSD-2-Clause
waveform80,1.2k,280,93,186,11,0,926,3,0,0,22,BSD-3-Clause
eclipse,1.2k,541,131,121,22,0,"1,768",39,0,0,62,MIT
Pi4J,1.2k,451,171,114,12,0,"1,029",12,0,0,11,LGPL-3.0
goodtft,1.1k,385,96,107,5,0,301,2,0,0,1,contributor
openfans-community-offical,1.1k,144,37,31,0,0,188,1,0,0,0,Fetching contributors
nextcloud,1k,179,73,68,4,0,"1,059",4,0,0,690,contributors
gpiozero,993,208,74,109,12,2,"1,269",3,0,0,19,BSD-3-Clause
ChristopheJacquet,970,269,91,49,7,0,79,2,0,0,0,GPL-3.0
christinaa,954,91,107,15,0,0,159,5,0,0,0,View license
adafruit,951,754,108,0,0,0,77,4,0,0,4,MIT
geerlingguy,945,142,63,8,1,,373,3,0,0,35,MIT
pwnieexpress,918,199,133,6,2,0,59,2,0,0,0,GPL-3.0
nsacyber,895,178,77,3,3,0,50,3,0,0,0,View license
oznu,877,103,57,7,1,,2,0,0,25,,GPL-3.0
wtsxDev,872,54,52,0,0,0,2,1,0,0,0,Fetching contributors
gcgarner,861,175,76,54,21,1,167,3,0,0,0,GPL-3.0
hypriot,837,132,51,27,1,1,2,0,0,104,,MIT
alexellis,835,105,55,9,1,0,141,2,0,0,2,GPL-3.0
lukechilds,825,47,24,2,0,0,50,2,0,0,0,MIT
EdjeElectronics,821,276,55,48,0,0,63,1,0,0,0,Apache-2.0
headmelted,818,56,55,50,7,0,"20,617",4,0,0,658,View license
bztsrc,796,124,48,0,0,0,88,1,0,0,0,MIT
adafruit,776,84,71,33,1,0,266,2,0,0,11,MIT
jondot,769,48,46,8,0,0,52,2,0,0,1,MIT
otem,767,87,108,5,0,0,15,1,0,0,0,Fetching contributors
Stadicus,763,245,61,14,1,,447,7,0,0,4,MIT
andreiw,761,151,87,2,0,0,1,0,0,6,,Fetching contributors
d0nd3r3k,747,223,94,3,1,0,2,0,0,0,,Fetching contributors
futurice,738,101,44,19,3,0,118,4,0,0,12,MIT
joan2937,736,235,65,18,6,0,271,4,0,0,10,Unlicense
felipessalvatore,733,63,29,0,0,0,246,3,0,0,0,MIT
rakeshpai,719,131,51,18,3,0,42,2,0,0,0,MIT
FarmBot,711,217,69,26,2,0,"5,186",14,0,0,280,MIT
teamserverless,707,105,38,3,1,,1,0,0,1,,MIT
bamarni,703,136,67,50,3,0,85,4,0,0,7,Fetching contributors
jwhitehorn,703,74,48,30,3,0,277,4,0,0,4,BSD-2-Clause
WOA-Project,698,95,57,18,1,0,52,1,0,0,3,MIT
StarshipEngineer,690,136,69,41,5,0,139,3,0,0,1,Fetching contributors
StevenHickson,684,220,92,70,7,0,96,1,0,0,0,GPL-3.0
juj,683,85,51,41,5,0,335,7,0,0,0,MIT
TravisFSmith,676,182,96,36,3,0,99,2,0,0,0,Apache-2.0
jperkin,669,89,40,24,2,0,219,3,0,0,16,Fetching contributors
nineties,661,66,75,4,1,0,378,3,0,0,0,MIT
Timthony,646,182,42,0,0,,38,1,0,0,0,Fetching contributors
sitewhere,644,292,85,45,0,1,55,0,0,39,,View license
Hexxeh,637,119,153,17,0,0,892,3,0,0,0,View license
schollz,634,72,36,7,1,0,74,1,0,0,4,MIT
FydeOS,629,82,51,21,0,0,34,1,0,0,8,BSD-2-Clause
fivdi,626,65,28,1,0,0,282,2,0,0,43,MIT
vincelwt,622,124,51,36,2,0,290,4,0,0,0,MIT
adrianmihalko,617,67,35,16,3,0,56,1,0,0,0,Fetching contributors
RasPlex,615,80,110,113,0,0,28,1,0,0,30,contributors
signalwire,613,276,72,139,58,,"34,542",13,0,0,138,Fetching contributors
alexa-pi,598,461,81,4,1,0,45,3,0,0,0,MIT
mcdona1d,597,196,65,1,0,0,0,0,0,,,Fetching contributors
hzeller,586,173,63,84,4,0,331,3,0,0,1,GPL-2.0
MycroftAI,576,138,95,10,2,0,143,9,0,0,0,LGPL-3.0
pimatic,573,154,76,184,1,0,"1,727",12,0,0,2,GPL-2.0
balenalabs,559,99,22,32,4,,235,19,0,0,59,Apache-2.0
Fmstrat,553,63,50,26,1,0,62,3,0,0,1,Fetching contributors
rwaldron,11.4k,1.7k,466,44,10,0,"3,318",14,0,0,91,View license
esp8266,11.2k,9.4k,922,243,79,3,"3,626",13,0,0,26,LGPL-2.1
arendst,10.4k,2.4k,559,26,6,2,"6,490",4,0,0,78,GPL-3.0
arduino,10.1k,6.7k,1k,812,111,,"7,221",5,0,0,85,View license
MarlinFirmware,7.2k,9.4k,788,646,46,1,"14,367",7,0,0,37,GPL-3.0
spacehuhn,6.5k,1.6k,438,68,7,,604,5,0,0,12,View license
hybridgroup,6.4k,807,326,119,16,0,"2,639",8,0,0,43,Apache-2.0
gurugio,6.1k,428,269,0,0,0,163,1,0,0,0,GPL-3.0
tinygo-org,6.1k,281,130,72,40,,"1,483",46,0,0,15,View license
espressif,4.7k,2.9k,416,195,85,1,"1,066",6,0,0,19,LGPL-2.1
bblanchon,4.4k,836,201,16,0,,"1,269",3,0,0,101,MIT
platformio,4k,506,168,104,2,2,"4,764",10,0,0,97,Apache-2.0
tzapu,3.9k,1.2k,226,322,38,0,8,0,0,17,,MIT
FastLED,3.7k,982,335,149,25,0,"1,298",9,0,0,29,MIT
hybridgroup,3.7k,350,205,42,2,0,"1,324",3,0,0,44,View license
grbl,3.6k,2.2k,587,334,13,0,637,4,0,0,0,View license
z3t0,2.9k,1.4k,232,213,75,3,319,18,0,0,6,LGPL-2.1
jrowberg,2.7k,6.5k,393,245,30,0,537,2,0,0,60,contributors
blynkkk,2.6k,767,235,15,4,0,"1,758",1,0,0,31,MIT
knolleary,2.5k,1.1k,229,323,39,0,188,3,0,0,18,MIT
mik3y,2.4k,1k,189,10,0,0,144,1,0,0,6,LGPL-2.1
arduino,2.2k,177,90,61,14,,"1,408",25,0,0,60,View license
gnea,2.1k,849,316,183,17,0,698,1,0,0,8,View license
wasm3,2k,75,71,15,3,0,"1,064",1,0,0,3,MIT
gioblu,2k,194,105,43,3,0,"2,615",1,0,0,31,View license
adafruit,2k,907,225,33,23,0,271,6,0,0,28,LGPL-3.0
jeelabs,1.9k,502,244,156,7,,716,7,0,0,41,View license
miguelbalboa,1.8k,1k,166,27,7,1,466,1,0,0,24,Unlicense
blynkkk,1.8k,650,168,19,1,0,"4,832",13,0,0,185,GPL-3.0
rogerclarkmelbourne,1.8k,912,241,27,17,0,"1,393",29,0,0,2,View license
sudar,1.7k,404,101,71,14,0,3,0,0,20,,LGPL-2.1
1technophile,1.6k,338,139,62,1,0,626,5,0,0,19,GPL-3.0
Robot-Will,1.6k,265,120,86,3,1,297,4,0,0,0,View license
scottlawsonbc,1.6k,384,123,114,8,1,181,5,0,0,0,MIT
nRF24,1.5k,714,135,37,5,,718,3,0,0,15,GPL-2.0
NectarJS,1.3k,63,61,0,0,0,321,2,0,0,0,AGPL-3.0
adafruit,1.3k,1.1k,151,8,11,0,117,3,0,0,16,MIT
crankyoldgit,1.3k,417,99,2,2,0,691,2,0,0,42,LGPL-2.1
sui77,1.2k,456,113,144,27,0,175,1,0,0,20,contributors
WiringPi,1.2k,616,136,13,0,,149,1,0,0,1,LGPL-3.0
sbstjn,1.2k,229,112,21,1,0,34,2,0,0,0,Fetching contributors
NicoHood,1.2k,230,107,47,9,0,418,1,0,0,12,Fetching contributors
ThingPulse,1.2k,416,106,7,5,0,313,1,0,0,17,View license
SmingHub,1.1k,322,125,90,8,4,"1,628",6,0,0,38,LGPL-3.0
br3ttb,1.1k,689,174,41,15,0,16,1,0,0,2,contributors
homieiot,1.1k,252,124,64,3,2,623,7,0,0,14,MIT
firmata,1.1k,431,108,73,6,0,529,11,0,0,19,LGPL-2.1
amperka,1.1k,249,58,129,34,0,140,2,0,0,0,MIT
mysensors,1.1k,835,195,97,6,3,"2,068",3,0,0,17,contributors
felis,1.1k,556,117,95,9,0,"1,291",11,0,0,8,Fetching contributors
Links2004,1.1k,352,78,103,6,0,308,3,0,0,18,LGPL-2.1
marcoschwartz,1k,253,84,96,14,0,314,3,0,0,20,View license
RobTillaart,1k,3.3k,212,5,1,0,542,1,0,0,0,MIT
adafruit,988,652,128,17,14,0,176,3,0,0,23,View license
rocketscream,982,305,102,22,16,0,34,1,0,0,5,Fetching contributors
ecto,951,233,64,19,16,0,171,2,0,0,0,Fetching contributors
particle-iot,943,505,143,127,31,0,"9,502",290,0,0,145,LGPL-3.0
samyk,940,241,109,6,0,0,42,1,0,0,4,contributors
vshymanskyy,930,337,80,44,19,0,948,1,0,0,21,LGPL-3.0
olikraus,912,259,114,146,4,0,"1,076",2,0,0,0,View license
kitesurfer1404,905,220,93,5,0,0,160,2,0,0,20,MIT
spacehuhn,901,246,61,37,2,0,79,1,0,0,2,MIT
stm32duino,899,383,71,18,7,1,"1,654",1,0,0,24,View license
njh,868,390,87,35,9,,415,4,0,0,2,GPL-2.0
maniacbug,847,725,147,63,18,0,214,6,0,0,0,Fetching contributors
kanflo,827,70,75,0,0,0,18,1,0,0,0,MIT
nakkaya,792,33,39,5,0,0,"1,644",4,0,0,13,BSD-2-Clause
PaulStoffregen,782,479,89,44,22,0,69,1,0,0,3,contributors
FortySevenEffects,776,163,104,23,3,0,396,3,0,0,9,MIT
Bodmer,761,232,76,10,0,0,476,1,0,0,26,View license
mertenats,759,159,96,8,1,0,142,2,0,0,0,MIT
SpenceKonde,758,177,78,11,1,0,"1,122",22,0,0,35,Fetching contributors
MHeironimus,742,189,98,49,10,0,93,5,0,0,0,LGPL-3.0
FirebaseExtended,740,370,75,143,12,0,563,21,0,0,4,Apache-2.0
sirleech,736,270,109,17,3,0,133,2,0,0,0,Fetching contributors
VectStudio,725,282,106,1,0,0,17,1,0,0,1,MIT
luc-github,708,196,86,13,0,1,529,6,0,0,11,contributors
ninjablocks,706,315,92,32,6,0,64,2,0,0,0,MIT
Makuna,703,155,57,20,2,0,228,5,0,0,45,LGPL-3.0
samdenty,695,204,68,10,2,3,278,3,0,0,17,View license
sandeepmistry,694,311,81,84,11,0,98,3,0,0,13,MIT
ThingPulse,694,251,89,4,4,0,266,2,0,0,28,MIT
googlecreativelab,693,104,51,10,4,0,22,1,0,0,0,Apache-2.0
microsoft,692,116,66,93,11,0,538,3,0,0,77,View license
kriswiner,685,387,85,328,4,0,128,1,0,0,0,Fetching contributors
ivanseidel,682,157,74,9,4,0,69,1,0,0,6,MIT
repetier,677,725,164,294,18,0,999,4,0,0,10,contributors
earlephilhower,673,163,50,90,5,0,199,2,0,0,0,GPL-3.0
milesburton,669,376,81,12,4,0,3,0,0,6,"25
    
    ",contributors
Optiboot,667,275,82,40,7,0,219,2,0,0,7,View license
adafruit,656,526,95,4,0,0,74,2,0,0,7,Apache-2.0
stanleyhuangyc,645,428,166,43,8,0,452,1,0,0,0,Fetching contributors
sitewhere,644,292,85,45,0,1,55,0,0,39,,View license
arendst,611,196,129,52,3,0,224,1,0,0,4,Fetching contributors
matthijskooijman,600,479,96,153,20,0,104,1,0,0,4,Fetching contributors
cyberman54,599,189,52,24,0,,"2,333",4,0,0,52,View license
damellis,587,191,84,29,6,0,49,4,0,0,7,contributors
256dpi,583,159,52,19,2,0,515,1,0,0,46,MIT
Screetsec,580,193,70,1,2,0,69,1,0,0,0,GPL-3.0
relativty,562,53,38,13,2,0,2,0,0,1,,MIT
schollz,6.2k,342,165,18,3,0,122,2,0,0,15,MIT
Hironsan,5.9k,1.1k,280,24,0,0,1,0,0,0,,MIT
guardianproject,5.8k,704,292,117,4,2,879,8,0,0,44,GPL-3.0
cartographer-project,4.9k,1.6k,386,157,17,1,"1,090",16,0,0,5,Apache-2.0
stamparm,3.6k,697,215,65,32,0,"28,512",1,0,0,10,MIT
guillaume-chevalier,2.6k,765,153,12,2,0,1,0,0,0,,MIT
nisrulz,2.5k,255,74,26,1,1,203,3,0,0,12,Apache-2.0
joshwnj,1.7k,160,21,56,15,0,263,5,0,0,41,MIT
nisrulz,1.6k,206,50,4,0,1,209,3,0,0,17,Apache-2.0
adafruit,1.3k,1.1k,151,8,11,0,117,3,0,0,16,MIT
j4velin,1.3k,651,102,19,2,0,487,1,0,0,5,Apache-2.0
HKUST-Aerial-Robotics,1.2k,560,101,73,7,0,40,1,0,0,0,GPL-3.0
mysensors,1.1k,835,195,97,6,3,"2,068",3,0,0,17,contributors
adafruit,951,754,108,0,0,0,77,4,0,0,4,MIT
iobridge,939,306,130,21,10,0,294,5,0,0,0,View license
kalkih,848,68,24,49,2,0,246,15,0,0,37,MIT
defuse,831,45,42,2,0,0,54,1,0,0,0,GPL-3.0
microsoft,808,220,66,11,5,0,851,32,0,0,1,View license
maxritter,789,131,120,28,2,0,306,1,0,0,0,GPL-3.0
mjg59,757,315,105,110,6,0,160,2,0,0,6,MIT
KrauseFx,741,42,18,0,0,,27,1,0,0,0,MIT
graemedouglas,661,44,41,9,0,0,14,1,0,0,0,Apache-2.0
ashtuchkin,658,86,70,19,2,0,68,2,0,0,3,MIT
adafruit,656,526,95,4,0,0,74,2,0,0,7,Apache-2.0
kzlekk,619,126,79,183,1,,"1,464",5,0,0,75,contributors
eclipse,615,393,95,52,5,0,"2,147",8,0,0,37,MIT
microsoft,592,220,65,100,1,2,652,14,0,0,68,MIT
zdzhaoyong,582,192,49,17,0,1,60,5,0,0,4,BSD-2-Clause
renaudcerrato,576,84,18,1,0,0,34,1,0,0,5,Fetching contributors
react-native-sensors,547,155,16,0,9,,302,32,0,0,51,MIT
girliemac,538,54,36,1,1,0,2,0,0,0,,MIT
ethz-asl,528,338,144,56,6,0,648,30,0,0,8,View license
google,520,56,15,30,3,,314,13,0,0,0,Apache-2.0
gast-lib,492,235,86,5,0,0,28,4,0,0,1,Apache-2.0
kriswiner,491,146,80,27,1,0,66,3,0,0,0,Fetching contributors
PRBonn,455,241,25,5,0,0,89,3,0,0,0,GPL-3.0
google,439,135,56,20,1,0,"2,448",2,0,0,6,Apache-2.0
timofurrer,419,102,49,8,1,,227,4,0,0,25,MIT
macchina-io,415,122,75,30,4,0,"1,032",8,0,0,11,Apache-2.0
DexterInd,405,425,71,33,2,0,82,5,0,0,3,View license
opendata-stuttgart,399,234,65,95,7,1,"1,371",3,0,0,1,Fetching contributors
MarekKowalski,392,143,64,20,1,0,53,3,0,0,1,MIT
xxorde,386,66,54,24,2,0,14,1,0,0,0,Fetching contributors
PrimeSense,375,576,53,11,2,0,28,2,0,0,17,Apache-2.0
google,371,71,34,20,3,0,313,1,0,0,9,Apache-2.0
Razor-AHRS,368,239,68,50,7,0,66,3,0,0,9,View license
react-native-webrtc,356,106,17,32,2,0,151,4,0,0,26,ISC
hwthorn,351,85,23,3,0,0,25,2,0,0,0,MIT
lm-sensors,347,144,33,56,12,0,"5,279",4,0,0,76,View license
robmarkcole,346,79,39,19,3,0,300,5,0,0,40,Fetching contributors
Shmoopty,342,47,19,4,0,0,113,2,0,0,0,MIT
initialstate,317,52,33,3,0,0,7,1,0,0,0,MIT
ThomDietrich,313,79,33,50,1,0,88,1,0,0,0,MIT
JunshengFu,307,161,22,5,0,0,51,1,0,0,0,MIT
qboticslabs,305,228,29,22,0,0,1,0,0,0,,Fetching contributors
bruhautomation,301,139,50,31,8,0,41,1,0,0,0,Apache-2.0
Sensebloom,294,72,21,14,3,0,68,1,0,0,4,GPL-3.0
roccomuso,292,41,33,19,0,0,355,1,0,0,2,View license
konnected-io,291,293,110,13,7,1,320,14,0,0,29,Apache-2.0
iot-playground,290,287,81,3,1,0,47,1,0,0,0,Fetching contributors
ironbee,278,59,52,6,1,0,"7,991",21,0,0,96,View license
awslabs,274,76,96,2,7,0,62,5,0,0,2,Apache-2.0
jinfagang,274,46,10,3,0,0,157,1,0,0,0,View license
smstuebe,270,89,23,50,2,0,274,4,0,0,30,MS-PL
Aceinna,269,112,28,0,0,0,246,1,0,0,5,MIT
momenso,263,58,19,2,2,0,203,3,0,0,4,LGPL-3.0
FORTH-ModelBasedTracker,257,76,33,7,0,0,3,0,0,0,0,View license
botletics,256,125,40,46,1,0,1,0,0,2,0,GPL-3.0
ethz-asl,246,147,70,30,0,0,64,4,0,0,1,Fetching contributors
open-homeautomation,245,79,26,6,2,0,118,2,0,0,11,MIT
PaulStoffregen,243,95,33,9,3,0,1,0,0,4,0,Fetching contributors
BoschSensortec,241,129,43,5,0,0,33,1,0,0,11,BSD-3-Clause
joeblau,240,9,4,0,0,1,14,1,0,0,4,MIT
adafruit,237,232,51,2,3,0,73,2,0,0,6,View license
Miceuz,232,62,45,3,0,0,59,6,0,0,0,Fetching contributors
ztc1997,230,72,23,1,0,,142,2,0,0,33,Fetching contributors
FedeDP,228,14,5,4,2,0,659,2,0,0,20,GPL-3.0
ehzhang,220,18,12,0,0,0,61,1,0,0,1,MIT
STMicroelectronics,218,221,50,1,0,,494,1,0,0,3,BSD-3-Clause
Kitware,218,140,38,47,3,0,"1,653",1,0,0,17,Apache-2.0
solettaproject,216,113,61,99,5,1,"3,086",1,0,0,24,View license
kevinvincent,213,34,25,45,2,0,136,2,0,0,5,Fetching contributors
ethz-asl,212,96,24,8,1,0,80,5,0,0,0,Fetching contributors
sandeepmistry,211,117,20,8,4,0,139,1,0,0,24,MIT
KitSprout,211,149,44,0,0,0,174,1,0,0,3,View license
hmaarrfk,210,17,86,6,0,0,31,1,0,0,0,BSD-3-Clause
adafruit,208,210,46,1,7,0,102,4,0,0,14,View license
WorldFamousElectronics,207,196,40,40,5,0,165,1,0,0,0,MIT
Xyntax,206,69,8,0,0,0,1,0,0,0,0,Fetching contributors
rodralez,204,109,35,1,0,0,314,2,0,0,6,View license
renemarc,204,26,18,24,0,1,234,12,0,0,6,Apache-2.0
pololu,203,112,26,8,4,0,32,1,0,0,5,View license
methylDragon,202,84,16,2,0,0,21,1,0,0,0,MIT
kprimice,199,53,7,19,5,0,45,1,0,0,0,Fetching contributors
androidthings,199,72,31,4,0,0,64,2,0,0,0,Apache-2.0
vitormhenrique,198,77,32,63,2,0,415,3,0,0,38,GPL-3.0
pocmo,197,110,25,0,0,0,103,2,0,0,0,Apache-2.0
BoschSensortec,197,61,44,2,0,0,28,1,0,0,11,BSD-3-Clause
